Sample,Ctrl_BL6_2249,Ctrl_BL6_2250,Ctrl_BL6_2251,Ctrl_BL6_2252,HF_BL6_2260,HF_BL6_2261,HF_BL6_2262,HF_BL6_2266
Label,CT,CT,CT,CT,HF,HF,HF,HF
CE 22_6,10570.51407,16943.49924,16707.84683,30157.86525,13531.25273,14959.36468,4896.023038,6010.567452
CE 16_2,2842.097032,1125.021508,2694.048795,3868.440829,135.368398,786.9349959,39.9460492,228.357861
CE 18_2,75316.81518,90863.99362,82780.11995,123094.972,69003.79003,196816.8322,63774.01526,200261.0278
CE 16_0,20157.70074,17256.47371,24222.58853,20880.6295,26208.8793,31110.06612,33799.8114,60945.89342
DG 38_4,5433319.835,4257584.44,3634343.412,3615765.981,6138132.314,6217844.246,4920331.347,9822995.183
DG 40_6,2029581.489,1175285.523,1982057.158,2008461.635,1742530.349,2025519.103,2156447.096,8084809.463
DG 34_2,46842663.21,34381316.54,27393543.8,27782664.93,31023114.08,25720974.96,32000043.64,50921999.32
DG 37_4,110544.8828,86266.45051,68650.02266,72277.05714,147236.9509,152596.6092,74346.71123,202627.9358
DG 40_8,1596318.908,1858050.665,1406096.661,1902172.933,2276433.444,3431633.336,1203967.524,10582148.78
DG 32_2,1208790.763,901230.3241,671549.6448,448263.6491,459391.4654,508805.042,512130.4533,1159250.951
DG 32_0,634029.3245,445006.7461,431039.3525,380712.9171,969078.3217,704068.3007,942322.0968,921618.1566
DG 38_2,4600019.103,2594152.995,2998603.438,2157524.949,1539020.201,1862447.465,1630244.033,3062386.943
DG 34_4,238607.8094,240444.0726,124817.416,142503.6047,129268.5197,139681.8406,144355.6873,326102.3635
DG 36_4,15807120.97,14919219.24,10150723.72,14262529.2,16903392,24121012.87,12165678.87,44445237.24
DG 35_2,1320468.467,816915.3376,674638.744,539731.7851,1095598.709,987027.1913,1032037.05,2556773.909
DG 42_8,369995.5799,295793.929,281951.9772,258690.2183,398525.0316,525276.5882,405583.3253,871465.9537
DG 38_6,6518847.417,5779593.828,6963995.023,5988506.481,11883516.29,9794127.254,11950220.09,20306720.01
DG 36_2,42120637.06,33723423.11,29722293.14,24835753.44,28192260.37,31338719.04,28652776.9,52830258.43
DG 40_4,354468.4915,193405.1402,201285.9781,175350.6324,251879.4766,303491.3665,213169.1569,369095.6904
DG 34_0,137839.1196,81478.07269,121125.127,100315.0191,235831.7865,200658.9257,236217.0756,273822.0204
DG 33_2,976874.5381,494978.8478,294240.1974,455769.3744,484706.3939,536622.1816,372944.6135,1246211.059
DG 42_10,333170.8516,265550.8752,182071.2247,172894.1458,208182.1797,240254.0293,170400.6912,594996.0226
DG 42_6,324380.6631,113100.0006,114263.8523,111147.9826,227881.8556,273960.4992,183395.4389,466324.9971
DG 44_10,156669.5731,111579.6886,118860.9254,152571.5361,193575.0834,231661.4205,179129.0092,345930.6193
DG 26_2,7698.784634,7120.071536,5520.416508,16125.92425,2470.677148,4891.614501,2889.451685,4685.11505
DG 30_0,160575.1136,97265.97405,81350.03413,62226.2461,89691.99973,86747.03805,157049.6053,188776.6232
DG 37_2,292201.3479,186253.9025,213792.1471,153727.0315,204869.3425,178452.728,146574.0231,327486.2044
DG 39_4,189443.6119,224171.5379,107070.2296,16113.46437,141713.9878,96029.21881,60885.63245,114582.8602
DG 40_2,409659.8485,233414.149,227263.9249,105874.3011,119814.1455,142250.9394,145095.4983,386847.0032
DG 36_6,255725.6669,331371.5825,130961.1659,242232.8431,126275.3711,189126.0078,98619.26243,451526.774
DG 42_2,29522.108,26382.16135,30117.29241,32900.95139,10137.95756,17262.43666,6121.404586,20869.50587
DG 36_0,51148.28058,44629.22691,41194.37315,17200.10843,71200.45338,61552.23776,78466.41368,87897.21463
DG 38_0,42998.18862,27467.87018,30655.96976,5282.209654,9661.352028,18659.02821,26256.31044,16229.3852
DG 33_0,22259.92409,13951.72121,14930.90804,11159.16035,26159.73755,32846.28871,23791.90631,40977.32648
DG 39_6,19290.00365,6962.271717,12176.72109,39009.16029,4010.194083,7059.982862,2854.527154,3795.819705
DG 32_6,8189.964821,4336.087335,11479.03459,5747.37697,3494.340999,4742.928543,4619.85828,11427.14326
DG 30_2,25947.33753,25285.85056,25951.58232,29783.38575,13086.88738,8135.532797,7457.388177,21102.4277
DG 37_6,7553.475604,15033.59368,14700.41787,21383.34138,39207.8446,432332.8727,25289.7042,423601.0439
DG 44_6,17322.84384,8827.258518,6726.788717,7123.906832,9427.952026,10078.92121,13724.01835,15513.25502
DG 28_2,15795.74513,12318.81261,11295.94217,8576.113123,8486.15727,9159.157484,11426.81788,16115.16735
DG 39_2,249347.2251,72085.73359,40576.10153,81033.45868,34164.38829,69122.08939,23661.84597,139296.9379
DG 44_8,17418.82493,5659.467664,12592.28855,20700.83148,33759.23235,34426.59053,9163.417117,30907.92458
DG 35_4,23584.67734,69054.09717,58459.81667,32811.36699,84588.42127,99816.74123,36599.27107,192984.9381
lysoPC 20_4,19329615.99,11015656.98,10312072.6,9287604.389,8338452.539,10820779.5,7137379.179,11994389.55
lysoPC 18_2,7483001.99,6646222.764,7332731.144,5381576.292,3815851.948,6767905.873,3411489.636,8070152.2
lysoPC 22_6,9156565.308,6373270.606,6690159.726,5737192.584,4102858.309,6172860.676,3607502.831,7605759.501
lysoPC 19_0,251266.0765,202219.0982,244696.662,285878.0131,157494.5934,230517.4856,104654.0727,241578.9565
lysoPC 20_0,307713.9816,303805.0284,403625.1814,320404.6555,196587.4681,242436.4482,136775.3161,180002.7033
lysoPC 16_0,33957888.96,31637178.3,31749646.51,24928891.75,22642325.14,28347859.64,22641943.88,24888433.04
lysoPC 18_0,35874570.81,28149877.46,33700888.74,21636667.56,26325509.62,33262315.41,26793098.65,36935416.28
lysoPC 24_0,222685.4953,164867.0411,122023.9983,158249.7073,82077.14315,117604.7211,67125.16068,118037.1594
lysoPC 20_2,263392.6014,124532.9747,197888.3609,107799.6196,109210.3259,204047.0463,79004.03265,138873.7809
lysoPC 14_0,50920.88015,41472.41256,61546.64461,31596.39722,21297.76103,23014.30759,14219.2014,21280.38586
lysoPC 21_0,10649.4077,10028.01142,10556.1791,9215.9197,8616.56504,5887.707814,4337.568354,7200.762219
lysoPC 22_0,70953.70354,91633.25832,76302.62321,79823.25446,50465.93055,68011.95601,56191.7099,56337.53096
lysoPC 22_4,123462.4926,66011.65744,75010.10984,48201.31256,64510.9966,116529.3534,67294.00792,90802.78684
lysoPC 23_0,140413.7735,110048.7628,70168.37775,13135.71857,45564.29505,51244.54715,21341.51145,18804.14573
lysoPC 15_0,28976.79361,26616.42734,42766.8851,53430.01368,24511.08846,32050.16629,15936.16033,18050.36325
lysoPC 24_4,7634.752073,5524.890779,5311.793453,6916.666438,4489.242256,7525.155348,4739.582601,3439.51637
lysoPE 16_0,2057197.718,1758370.47,1504694.666,1250065.123,1280631.452,1542815.003,1136313.479,1564420.199
lysoPE 20_4,3639823.972,2670368.127,2174009.686,1820350.25,1424779.39,2078516.807,856110.6192,2288112.896
lysoPE 22_6,1895476.716,1240273.841,948852.3526,861730.5725,810474.5921,1187790.502,585047.4221,1096018.589
lysoPE 18_0,413680.8357,264505.1258,174431.2335,275862.3711,204965.6379,322010.7013,90161.2641,333951.4337
lysoPE 18_2,178029.3913,168182.514,149736.5447,159778.7955,101245.7736,196842.2091,48559.8383,148442.4282
lysoPE 20_0,30413.74632,30216.13952,32980.11765,19222.06747,22122.03782,30386.87021,16526.13551,32622.94596
lysoPE 17_0,20858.79411,23088.13125,24122.2788,31321.32253,31801.29134,50616.53072,16270.03918,37353.62341
lysoPE 19_0,28982.11438,22656.32585,17752.12978,23957.58322,22663.81668,25997.81707,7522.802846,27087.79308
lysoPE 22_4,38488.10499,22549.80899,18648.74265,27459.75717,15992.96928,34539.0949,15287.39913,27431.64203
lysoPE 20_2,19980.60793,9618.691918,18814.13638,16238.81081,12873.7779,15738.93127,4877.675019,5556.682624
lysoPE 22_0,4698.058389,1589.753758,1890.654283,3794.858224,1995.359626,3146.083657,4312.142463,1516.83774
MG 16_0,40510.46931,45321.78924,43130.54406,44929.25929,41728.41303,77823.75043,34343.87295,54645.8471
MG 18_2,112758.4514,98502.33487,93304.12038,115432.2519,89320.91582,157396.4857,82892.4936,92854.34738
MG 17_0,70237.38097,65562.91261,77520.9886,69105.7252,73909.69196,87203.33284,70397.54837,71392.06047
MG 20_4,42917.79884,40508.55522,65891.99403,68103.36807,41558.34188,61722.07656,62811.23476,37994.26542
MG 18_0,16622.85784,10033.45074,11611.96666,17381.76449,13363.94966,18915.42526,8754.158968,18466.78816
MG 18_4,7180.035778,11637.19674,6171.692505,4795.223342,6161.085316,5077.860908,9895.117526,6356.017524
MG 22_4,4866.827518,2481.740587,4465.309823,7477.953922,7436.325971,15349.00368,14176.26104,9219.40228
MG 20_2,7237.815174,2605.755704,4429.051157,4320.790282,5283.023377,6777.932286,5212.059828,4054.539013
PC 35_4,747084.6318,577555.7797,565220.7079,1004063.861,817731.9205,725194.6971,744618.702,764285.6982
PC 40_8,15815452.44,12347727.15,16303234.32,15273599.82,11373281.04,11239481.41,9320257.354,11216570.54
PC 34_4,5849684.459,8908910.751,6369683.159,6032974.969,2581884.824,2979255.675,2127054.507,2865398.16
PC 35_2,1131873.867,1753342.617,1896143.081,1867394.006,2353452.624,2271716.65,1720724.749,4895046.141
PC 38_2,8428444.294,9052631.752,9932167.385,5863115.778,6051543.686,7530391.409,6399897.321,11500855.12
PC 37_4,1874413.964,2089254.352,2027574.491,2684314.881,4038067.093,3145485.502,3332186.097,5932721.842
PC 40_2,449681.4807,470743.0016,497013.1164,336742.6702,273164.4774,356670.5005,337074.5002,466185.8841
PC 33_2,990107.3069,1216295.965,1180990.547,1382823.857,1355686.951,1478557.283,1349851.187,2399655.923
PC 32_0,19718646.41,22577330.76,23016638.39,18618934.12,22178552.6,20266316.89,23425738.97,31373089.43
PC 44_12,191164.8045,176333.8592,293618.0259,262201.4084,109578.7019,121293.5263,74199.11271,115404.2297
PC 39_4,1342273.464,1662402.088,1455741.7,1700314.31,1911963.299,1693151.956,1412531.496,2604262.303
PC 39_6,508098.1068,622246.3607,689836.344,844322.8411,1278487.097,1023793.429,837503.0658,1901318.132
PC 36_6,4884674.635,4668786.352,4650636.717,3666717.717,2074462.439,2025401.358,1790576.012,2897589.367
PC 32_2,6458436.138,7684390.06,7018451.166,5082608.85,2586548.491,3007408.118,2750908.327,4628125.303
PC 42_8,148012.7718,115392.6194,165318.488,124244.4427,120401.9756,141427.1316,101580.3485,125197.3115
PC 37_6,770024.5231,896443.3356,721460.8441,962625.2146,736154.8143,815452.2826,767623.8314,1041545.756
PC 42_2,101333.8045,135548.545,115853.4459,82315.43454,91943.10386,95176.61824,94725.88663,152119.5877
PC 36_2,29223431.9,32056012.83,38747091.14,37538887.78,27497274.27,28661171.74,23365633.29,35107098.23
PC 37_2,958197.4046,1245754.025,1224779.886,1641833.927,1260508.473,1322717.773,687567.756,2211258.619
PC 42_10,2275360.252,1645311.581,3475626.61,3473340.037,1531243.96,1655924.533,1152121.176,1760940.689
PC 36_0,222133.786,225763.4926,312432.3996,305061.0911,128241.9865,157846.3091,116043.7259,143676.426
PC 41_6,260597.291,302382.2,321933.2458,358983.7116,236787.3518,281960.03,128642.7434,276013.1009
PC 38_8,803754.1998,680800.3428,613249.939,736365.5906,380929.7735,437087.1782,313183.7368,506144.5055
PC 40_6,18476575.7,17670379.5,18729983.06,14891973.68,17945614.91,18151927.35,19336989.35,29867792.08
PC 42_6,821236.8434,834618.2695,747329.9136,716476.5187,537475.0086,567333.5964,472438.75,910658.1576
PC 35_0,190674.0842,223994.8866,232922.8803,267708.7423,176152.0406,192192.3149,133898.0249,197263.5135
PC 40_10,108249.8936,95123.78466,110326.9084,120980.6679,123414.8133,123055.4514,105328.9673,128978.0744
PC 44_4,117509.5271,119817.9733,102390.4657,130470.0625,84557.22655,112446.5404,124151.877,160590.4957
PC 28_0,57327.11338,43830.37463,38738.07766,41949.81784,22961.69616,20575.5928,18442.46373,31806.21889
PC 30_2,96694.92689,75589.01572,154839.4867,71108.65035,49113.55268,74398.57449,49242.79182,101308.2446
PC 31_0,25478.21605,28712.04623,37508.1929,37842.83576,29455.07898,29798.8937,15160.99423,27375.84555
PC 42_4,158136.7762,131238.2212,130852.0671,96887.4914,116672.1748,123334.9224,128516.0537,166645.7583
PC 39_8,58740.29403,48920.8366,54964.11176,59404.0751,47895.67032,54675.20957,39265.85427,45754.98206
PC 37_0,234627.6235,178543.115,131283.1084,189182.2648,79200.48569,75143.68333,43988.91003,123226.3978
PC 40_4,47954.19886,32486.03745,43636.32095,39592.70136,42984.16941,44171.98622,42732.59925,69721.60083
PC 39_2,69775.85386,64947.43126,75557.02996,42298.27523,31065.65803,40926.04561,30822.90913,57608.27065
PC 36_4,155028.7171,189904.7795,166403.8909,386484.7232,98688.22196,91515.54085,16073.20437,142629.2533
PC 18_0,28742.02329,25591.6107,14817.74366,16364.15415,15277.1906,20148.73933,35633.64711,23094.28111
PC 38_6,77848.76843,62118.13188,74513.30956,47937.46907,53890.88257,50044.02339,60245.80185,107986.6425
PC 38_0,31822.49066,72469.45701,64346.19238,36469.2296,27549.87921,26063.49344,35779.01507,60419.97978
PC 33_4,42438.57192,50591.03393,31059.69244,24947.60437,10355.06651,13751.86913,9743.736784,16512.91219
PC 32_4,94857.10667,40501.57611,67916.83685,53313.86015,22292.71887,41770.82754,23502.25248,45589.09285
PC 20_2,20558.52367,15090.20342,6619.748628,12320.8507,9700.325593,34605.31241,27086.2438,10909.84976
PC 19_2,5239.006631,8084.833307,10547.40001,12312.48034,10153.92537,10140.12318,4514.661501,7065.344994
PC 33_0,44088.42611,129227.3647,110102.4905,135093.1256,103220.0549,132681.1422,107245.3218,135744.7407
PC 40_0,253605.8574,451689.2982,176091.1066,67453.40254,98556.09001,90680.10785,62074.33783,95109.38014
PC 44_6,209667.6607,243147.5722,184282.1494,29024.01536,115139.7768,102543.2402,74997.02888,59792.30603
PC 38_4,40448.84968,33552.1219,48493.9657,22920.79384,43492.35391,21378.36264,26022.28596,20298.72753
PC 43_6,9424.221702,16452.15862,18497.02111,17980.10335,10989.62078,9343.516809,9750.656876,22220.69855
PC 28_2,21959.72136,17380.58771,14405.83363,5489.358052,3400.034321,8839.126361,4501.988517,4754.155344
PC 39_0,34647.3319,43508.95051,22722.96652,33494.19319,57228.28128,83168.82656,10400.46135,15651.10406
PC 17_0,755.9028389,769.1974566,431.8136065,656.0733818,767.0061461,2993.287226,3894.148741,643.9588146
PC 31_2,44499.45843,41722.61413,33547.39769,40591.745,8409.228923,18027.4612,8269.543535,26552.09925
PC 41_4,35025.58057,35994.88311,23537.16703,39473.82195,54142.63411,59778.27134,27098.78369,57735.15733
PC 31_4,109960.7804,167586.9288,78910.21902,80284.7773,19228.78639,35459.24213,27292.93364,90780.88105
PC 24_6,4277.25037,4064.00672,4412.108907,2959.380073,1512.328219,6223.404928,11250.41127,2267.097483
PC 29_0,9163.063141,8383.691481,9777.474727,8423.015933,6901.529342,4840.784197,4874.59592,6013.933205
PC 30_4,16518.36418,8319.515311,14273.1966,3094.734923,6383.023379,5940.657525,3324.530855,2633.690859
PC 30_0,21383.03208,18602.25577,11931.86521,15163.5171,11689.94751,11377.11379,6129.259518,12077.24786
PC 19_0,63695.33791,26819.06293,30990.04966,48912.36626,17526.23858,23420.55651,17165.2337,27341.86157
PC 7_0,6738.341605,4573.241045,5691.850493,3270.218022,5011.312028,7556.735567,5372.312684,5033.748118
PC 12_0,1572.600935,3463.41237,2771.195421,2749.705502,3285.50053,2489.714375,2357.377106,1319.28582
PC 45_4,7840.732571,8737.841448,5131.443506,12120.28789,15987.72471,12658.0206,17318.06,33615.2686
PC 22_4,24778.55834,5919.799525,4484.120579,9304.462584,6767.080049,18918.9415,25805.13842,13013.39882
PC 21_4,40285.39554,30984.52444,11087.03344,1786.411472,11927.8815,5738.928465,8240.029921,6000.301623
PC 26_0,6349.114841,2784.510265,5473.632776,5692.609219,2077.756939,5333.179623,2598.752618,5685.038191
plasmenyl-PC 18_0,1849404.196,1322604.113,1395802.124,1155426.994,652099.8795,1245951.931,323253.4894,691508.1407
plasmenyl-PC 20_0,300687.268,231380.8256,271092.2114,158551.2876,64403.52469,96653.53946,30951.80058,60773.15194
plasmenyl-PC 40_4,4481.017427,4462.760749,6883.356416,5979.890803,2392.291719,2710.120593,2641.735167,7076.483493
plasmenyl-PC 36_4,60866.74667,6437.513663,19540.08752,20733.60114,12677.583,22925.25765,28008.7493,17976.10733
PE 36_0,3304419.697,3490679.103,3396053.64,3757868.521,4823997.468,4769810.52,4891134.915,4821998.897
PE 39_6,220001.1588,303432.0877,283127.6327,311129.2954,552748.6694,483908.0191,442792.627,884399.0483
PE 34_2,1510088.707,2452899.083,1804419.921,2078904.791,1779369.724,1756384.32,1690089.234,3260359.641
PE 39_4,667873.099,819641.8705,783884.0401,1187437.181,677682.2386,472006.7375,396896.8277,803412.3835
PE 40_4,2292687.765,2529573.306,2162169.532,2382842.103,1886794.605,2279860.836,1885345.355,2136538.927
PE 36_6,264439.4315,396548.2003,302002.0204,268612.1705,104435.6284,137498.2646,149210.9604,157820.1133
PE 38_2,815658.3242,1025000.69,928632.5321,899707.6372,744328.6132,948341.4134,751293.7163,790837.7711
PE 36_2,1970031.03,2312331.541,2386120.878,2626523.078,2583476.824,3168349.514,1938474.249,3670280.501
PE 40_8,1007626.971,1003552.892,1039392.645,1259036.282,1088491.68,1358915.657,1486624.787,1351628.553
PE 36_4,8278392.97,7788854.335,7653760.576,9238171.977,7115327.527,6930058.999,6343005.941,7975420.055
PE 38_4,14241.0483,23214.6338,11736.27905,45288.02949,6339.510068,13295.55118,14017.37933,12920.47729
PE 40_6,5344578.256,5308954.981,4043459.056,6431309.053,5270408.748,5526803.378,4978080.655,6625058.981
PE 37_6,180383.9161,153341.6388,152177.0899,188791.4485,182511.636,145122.3349,185209.7695,276626.339
PE 32_2,51869.19133,61690.1232,56244.44079,54931.30421,15054.10096,13185.62354,16616.91187,15495.83797
PE 37_4,144459.3882,214680.4794,209937.8785,304651.9577,291310.9261,304201.9712,232299.5249,338719.1549
PE 42_6,239269.8089,313458.9161,222369.8795,251241.6924,224720.327,221451.1606,131547.2665,233477.6444
PE 37_2,124409.7381,156111.4639,149244.0033,189408.6065,154331.7327,462523.6453,402731.5747,360388.2141
PE 41_6,166527.3428,217641.89,184512.8132,271098.9824,198569.3788,214124.9976,227869.6091,198791.7916
PE 34_4,163479.7096,53451.62869,31336.62649,46131.91773,50670.45708,27671.07864,19582.10594,40356.88149
PE 40_2,595460.1662,259378.2841,275176.0673,312799.3899,202748.2319,221881.146,118194.7143,225447.9205
PE 42_8,70328.44919,66992.16882,71834.29959,83525.03294,75344.50755,66639.84412,56862.8102,77611.06438
PE 42_10,147259.125,188505.6085,176028.2514,148298.387,183407.366,222920.4066,152881.059,258749.4548
PE 21_4,31281.02539,19709.18691,21238.10338,15671.20725,11110.08864,23625.49394,7141.613135,17879.35236
PE 32_0,20756.11578,22680.84561,17242.55078,33670.1597,10433.66155,18938.73591,13153.75498,16582.01042
PE 44_12,379013.3813,243973.2514,131366.8276,196268.6548,191178.4191,168713.4969,131440.8363,288367.4269
PE 35_4,15599.08847,12631.55134,10644.37185,14527.41428,20391.30023,22889.61722,13439.87858,31993.42704
PE 34_6,39022.64614,39340.90616,8165.980674,2524.080968,6547.253918,3813.717428,1948.194363,2915.541133
plasmenyl-PE 40_6,624344.2056,716589.3873,749070.2921,1042306.051,870826.7945,908570.883,661172.4244,752059.1983
plasmenyl-PE 38_6,713381.4126,781423.6833,739251.9153,696374.5301,893342.9345,925038.7704,1030119.455,1255179.92
plasmenyl-PE 38_4,3119965.247,2350597.061,2075164.444,2777177.964,2964105.527,3547002.907,2947732.884,3966144.837
plasmenyl-PE 36_2,209690.1765,295931.8416,241477.726,315697.5241,205115.8169,279251.7173,208757.244,192772.67
plasmenyl-PE 40_4,767301.8884,645357.3895,645080.0053,542172.7235,948621.2186,807683.9103,997611.7093,1423046.479
plasmenyl-PE 36_4,633510.576,619360.0323,555928.4791,622210.149,689054.367,783381.9388,815813.5655,855038.7954
plasmenyl-PE 38_2,306287.9846,201717.9911,127576.8197,106829.6721,116411.7834,160993.6505,92512.65614,137903.8624
plasmenyl-PE 42_6,55393.69612,45519.34441,119692.9182,115584.8857,86977.43804,54583.7224,42759.15945,71187.88572
plasmenyl-PE 34_2,22692.88022,38521.22812,31029.54132,22103.75146,19616.33071,28671.60324,24127.43252,30781.53392
plasmenyl-PE 18_0,149860.8144,122954.4144,108624.5867,125108.2278,89626.83376,230697.6208,26760.7692,137005.5652
plasmenyl-PE 42_4,45517.41569,37034.50233,63344.62526,91839.40175,65448.95807,53626.42034,71352.64591,39916.67215
SM 40_2,5187818.995,4353484.688,4323169.47,5960623.622,3262949.234,2956052.345,3292827.01,3075661.818
SM 41_2,2639220.516,3340530.1,2887723.295,3118753.834,2534006.068,2745730.454,2762035.638,3155178.219
SM 42_2,22442032.95,22090812.47,19811719.6,19377954.52,16710359.2,18370010.68,20656392.99,20006578.33
SM 36_2,227648.3861,138252.9391,155531.0674,266131.6514,266777.5845,363367.4736,380460.7619,325975.0359
SM 43_2,165018.0885,200447.4946,192857.4473,365458.2195,144557.6062,161304.3778,113380.5557,121610.975
SM 34_2,1867640.402,1681510.355,1544532.157,1898692.324,1066935.168,1589478.415,1064724.223,1123100.905
SM 34_0,563847.915,503488.5132,513745.7853,655307.9205,642154.688,668979.2286,733466.8338,963441.6343
SM 38_0,414485.3015,391805.4957,325410.5142,524272.0018,442470.0608,540317.4088,454260.9531,661489.5325
SM 40_0,1528015.402,1856707.994,1898607.402,2100820.05,1908103.585,1989249.249,1812475.101,2162453.447
SM 36_0,76819.26389,84783.57765,81569.03072,93457.46299,147593.4327,156628.6218,200558.7332,198688.2283
SM 38_2,57311.26843,50254.81584,68238.98857,81903.71436,64600.42232,49259.56848,55553.43911,44571.9916
SM 21_0,166957.85,129246.7295,130182.0562,74085.42253,48009.51243,86891.31945,43180.73325,72177.15288
SM 39_2,44353.40163,58805.74266,72703.18135,55877.18215,53073.4042,42906.28999,29021.68991,45361.44121
SM 42_4,119038.1783,109818.6846,170571.281,163288.2359,172987.1896,128890.9533,111796.8993,257723.7407
SM 33_0,35875.5803,38625.84317,40033.05409,89539.48802,43452.42868,45734.85377,24039.91861,31782.45892
SM 32_0,214555.6587,177556.0879,69074.10599,28453.76138,50015.66659,41680.74905,21826.01894,29501.06997
SM 32_2,68957.69792,18158.55737,16062.85588,30299.82251,14452.24451,18244.41031,11660.51575,17091.51189
SM 42_0,21166.3557,21619.12274,16377.24001,22001.46673,12133.57858,15628.12463,12499.4345,12622.03818
SM 44_2,42190.08014,53598.83366,48071.49376,77630.81956,47073.35165,59939.02344,44152.60169,55291.58522
SM 41_0,41355.13033,43506.2726,39114.71209,60883.1929,47912.20109,49291.36821,51152.45664,82348.6333
SM 37_2,3965.890338,3885.945402,5153.889685,6808.65339,4011.16365,4351.715731,2441.008371,3576.806154
SM 35_2,1588.34556,2108.863174,4322.621304,3588.220388,2084.401595,826.5134073,1414.123352,2903.899183
SM 38_4,3609.897865,4151.539334,6150.924514,4166.32947,3367.466453,4143.78319,2248.242502,5774.409737
TG 54_6,8820643.143,17266858.17,14578262.24,13489799.99,22148769.6,25237399.09,24167497.85,27729504.75
TG 56_6,3183286.092,4782151.623,4278973.079,5714635.883,9035687.317,10597327.15,8885637.9,8100226.801
TG 50_4,617480.5494,561257.5775,540312.1483,413610.2074,393453.3493,330362.0951,488200.1437,534555.3787
TG 50_2,628518.2791,331998.5419,429807.132,348239.5886,201359.8053,139883.6695,198492.3695,88616.35762
TG 46_2,3484555.866,2208656.739,2391191.853,982269.8348,803130.8876,808781.7606,1510994.147,1160809.64
TG 62_12,70049.50627,111521.5012,98242.64554,121734.7999,232745.9592,278706.6045,248845.623,162300.3643
TG 64_16,8741.118124,9702.533786,9713.336841,7987.782919,35719.29849,27338.98788,32841.62577,105831.2587
TG 52_4,32772420.97,37380013.34,35047722.1,32106472.37,36529214.96,37863603.35,38555287.55,44385960.62
TG 56_8,6526222.072,11101740.11,9612267.5,11991468.39,19839541.51,21007574.82,19234752.03,28475764.81
TG 51_2,2579138.876,1702514.212,2311313.77,2123144.746,1375441.505,1261043.472,1378861.006,911952.7683
TG 62_8,36549.47953,55282.43771,60854.04307,75662.35669,83589.60449,104769.2035,81689.90892,90209.4764
TG 60_10,250832.7354,334860.0211,297518.2837,394452.7971,822986.4342,854644.4357,848443.4954,859662.3933
TG 53_4,502147.8547,668587.8848,639272.6391,727764.2366,555871.8261,702785.1439,428647.6258,570314.8869
TG 58_10,1315053.847,2011054.574,1461353.732,1947798.68,3857576.478,4899829.1,3477810.129,8274948.149
TG 60_8,188708.4481,201968.1224,285563.3119,353590.7167,366996.4979,394945.6994,245675.1963,275571.0821
TG 58_8,1480308.771,2240838.549,1806760.026,2597338.756,3099287.897,4139079.648,2986864.756,2944943.802
TG 42_0,35984.22606,19648.98848,35227.93424,23141.06765,12428.54475,6737.846814,16597.78802,16341.34531
TG 60_12,360231.8298,545824.0886,508232.8699,838288.9168,1596368.415,1275465.087,1466998.817,2091784.731
TG 49_2,687270.5439,390356.3967,472988.71,256428.2912,174026.1278,145704.1214,265493.5098,265350.3418
TG 51_4,518775.6263,511196.5195,656736.3919,516500.0931,518594.6106,624213.7345,470735.3313,670344.7278
TG 52_6,6560292.863,14158236.7,9171746.504,6456902.819,13515054.52,16216893.24,18722941.79,22832077.14
TG 49_0,28626.42517,16240.98596,27697.93353,36439.24131,13973.28619,25455.04355,32305.61437,13919.87551
TG 42_2,620047.7398,411236.2221,258612.1064,196983.5171,118564.4567,153164.6882,240897.8754,742108.9205
TG 50_0,850213.1527,640626.7081,1193396.181,948182.7495,817388.694,788420.3643,1297472.111,1434882.247
TG 55_6,74372.27857,91621.60189,100889.6485,142156.936,151618.2574,118432.1534,105998.9764,117496.2659
TG 48_0,1118242.473,469131.917,371671.0112,427115.9277,235711.1544,178551.1274,225689.662,233489.4127
TG 54_8,1576908.443,3496000.424,2388321.635,1921049.847,4848953.328,4569356.66,6059003.991,10367457.4
TG 51_6,1618689.659,1173090.271,750130.9282,706713.6809,1092508.973,824037.2785,765383.436,1626184.214
TG 55_8,46830.18446,80935.48163,71229.77957,110091.3351,182691.0378,178953.6943,181867.654,281451.1624
TG 57_6,120768.1394,142356.5674,66904.32311,125111.5717,120158.9239,180130.8567,88622.24245,127648.0056
TG 55_4,104328.7033,134721.2879,201432.5585,248053.8314,162828.7484,188724.3551,103616.4474,236476.6131
TG 48_2,15754435.37,8931360.946,10443058.8,4655614.451,2105763.248,1800415.43,3903457.313,2391377.456
TG 58_12,39109.34361,114387.4638,79019.46652,80830.67456,177546.2104,166153.1094,135280.1761,177372.9898
TG 58_6,2418395.698,1315825.715,1234296.353,2218180.656,2671213.608,2974155.362,2173819.795,3640847.456
TG 46_0,227562.145,169255.0104,243622.1898,138341.5718,49494.17835,28333.73135,84831.44264,49995.3094
TG 49_4,199559.6751,245157.3152,217201.1804,136505.5267,175241.9698,165803.0868,287837.4332,259853.194
TG 62_10,28658.73211,30783.68459,25024.33345,48771.26306,62293.48677,61562.23092,41172.658,47802.33182
TG 56_10,320843.961,792476.6479,543846.7162,423884.0848,1370971.125,1267078.099,1575401.393,2926605.608
TG 52_0,3565256.943,1662184.66,1613864.248,2736182.851,1649187.501,1985547.649,2385362.655,4424031.271
TG 56_4,7660787.79,5877650.057,8958497.991,7233951.081,7207652.324,8848180.52,7010745.436,6330000.381
TG 52_2,398651.608,152988.1942,98725.71606,60581.80384,250204.5891,248345.9481,215488.2176,673100.5417
TG 62_14,54199.63539,110752.8003,93554.12376,124122.3793,389674.663,410732.3382,356617.2382,568954.4987
TG 64_14,8537.203754,6834.93958,3174.333813,9925.888308,32659.13839,38843.35848,31201.33475,36422.82024
TG 61_6,9486.886313,4921.820727,10160.86319,10394.01947,7503.00496,12663.95127,6194.53418,28753.21941
TG 57_4,69088.28169,73382.52535,90984.68293,104281.3359,62146.75699,80359.19932,64833.46423,127574.1561
TG 44_2,484265.2192,411894.469,511568.9546,260477.2303,284403.1094,218087.4292,406017.0444,679482.7285
TG 60_6,138954.3235,160450.6942,204875.4385,310617.5134,366304.8489,353193.1025,270554.8032,412613.4486
TG 54_0,1010613.494,512066.1192,446144.341,91608.85661,190518.0689,225408.8542,207764.9019,231219.3729
TG 58_4,1062264.456,673074.0444,798194.5471,147483.0808,441375.0416,328668.1281,294317.0608,301226.7189
TG 58_2,4766234.826,2777308.495,3283828.955,1760827.519,3032001.761,6631694.289,2413492.532,3087030.716
TG 60_4,672584.0299,426083.8131,495405.2007,342239.8388,960326.8223,1878339.539,598178.7299,754712.2001
TG 57_8,18757.5448,27838.57932,41478.52963,50994.11783,64478.93695,40719.1936,34075.56035,40772.98538
TG 53_2,16690701.92,5123281.212,7300441.733,9218610.774,4438044.489,4973907.139,2769576.9,4634059.756
TG 64_12,4487.123265,4210.561958,7866.748423,14029.2268,15331.03511,17276.48819,7730.265145,8747.332716
TG 53_0,141685.5663,66864.17104,96821.43651,106325.9911,248434.792,339951.6085,195314.1974,137290.3219
TG 56_2,29825451.14,17498954.83,16270762.28,11284207.06,22165521.65,43928841.12,21563582.48,16864679.32
TG 40_0,18076.70779,13673.94762,15188.45299,9662.509999,10167.9636,8870.467253,5779.278792,14017.94905
TG 58_0,109142.4244,62042.23786,79690.38483,33782.53815,50686.21772,191614.8527,79115.07873,92503.32827
TG 60_14,5544.285003,8208.663061,5976.430003,11915.54101,18352.83991,17951.55328,26330.77307,78139.7303
TG 55_2,1674440.953,917434.9176,1558603.51,1161164.067,847911.0599,975791.645,803435.802,1603138.986
TG 56_0,401632.8829,228505.5506,290066.7728,172522.1051,288646.6376,745037.9273,313740.4965,360114.2582
TG 57_2,1012513.703,492928.9687,736732.375,468112.0858,752813.7738,1365576.633,438856.1118,685783.5567
TG 60_2,885669.8347,568168.8005,710518.1623,251004.1929,333046.6393,1297844.704,484687.3876,608518.8697
TG 59_4,171189.6313,187045.8516,181494.8771,26020.21008,95055.30339,57857.26463,52607.36095,126474.5375
TG 62_4,86650.56704,69885.03216,77807.41684,38126.37062,76179.65406,304355.5749,105795.8455,146813.0911
TG 55_0,233475.3086,81537.61713,137462.3404,113354.413,29934.6631,50007.62053,68834.49476,148372.2402
TG 64_6,15151.12684,15569.02344,13605.67896,16086.64455,50584.47019,123676.042,42743.00178,44061.0707
TG 64_2,19934.4756,13990.82123,23956.95289,21780.68692,10837.80225,20060.99252,30609.03001,90020.48035
CerP 34_2,2110.201783,1016.318008,880.4441822,1241.992872,3016.398033,1148.416409,2142.541285,531.0682154
CL 72_6,501023.0215,505740.8456,337188.7586,481142.7952,280444.9103,489337.7984,527547.3919,607511.2381
CL 70_6,76396.56594,117557.4057,78452.27277,87081.67561,31273.53765,41084.97543,17814.76247,35220.80138
CL 74_8,267706.2377,226868.8689,168994.5824,267617.9061,219384.6089,240550.6874,273403.719,408347.3505
CL 76_4,69726.27973,72332.27822,77890.07874,84206.87481,77296.17336,57245.36388,44829.80683,66576.74287
CL 68_2,197821.8621,118379.3025,137661.6131,186611.4329,164191.3775,130889.2276,123978.0016,135679.2483
CL 78_6,65008.30034,56225.81518,59647.55865,68406.68081,84100.64583,69894.07647,26938.14174,39565.41212
CL 72_8,309120.0681,531577.4214,449593.5821,522330.0654,435596.4195,553536.2712,221183.9832,517784.7863
CL 82_2,47385.47456,32560.78787,57057.81354,35176.62109,47023.24665,57680.41693,40598.9849,66498.13526
CL 72_4,43438.38362,41599.7041,25323.79474,45886.37471,14103.08975,18830.68896,5216.202993,26688.14494
CL 78_8,104586.3072,89990.25418,83164.39122,78491.54062,50057.56802,61062.61343,154344.8116,69678.49002
CL 70_4,127999.5611,149213.1638,111665.7746,104570.6017,33765.28948,52647.10735,19160.58662,44512.5066
CL 74_6,105272.636,94209.32691,47021.79464,57318.68654,56795.13085,119616.9949,120620.0348,178380.0165
CL 68_4,35568.4609,36245.7643,35704.91947,38023.71839,5723.061981,17089.84629,21278.65695,14074.50484
CL 74_10,51964.10055,34994.63304,34008.27826,58322.60026,21207.54516,16686.83015,10692.96181,20750.07495
CL 82_4,65874.72389,33796.77494,88542.52387,36340.97294,45758.36417,57370.08105,36329.43115,77988.76917
CL 80_10,17647.17721,21395.79579,17668.36942,16190.23077,12055.87198,11334.7563,30628.87813,16821.51963
CL 78_0,9226.218144,10629.80567,7506.450086,7191.644393,13904.22435,11072.68021,5328.255061,5917.620733
CL 68_0,33603.12058,31027.43599,36119.77854,32371.04482,33945.4001,64721.27379,218826.7932,57195.50851
CL 74_2,8791.059738,5703.976783,6144.953404,8904.326848,7634.246651,8157.619206,186420.5378,210246.453
CL 76_12,32880.73521,36365.31821,25337.16642,40357.34442,39571.31017,40440.13668,47077.08353,61630.36912
CL 80_12,407166.2591,287275.2771,326073.5675,386259.8865,336604.3198,363739.2591,739204.9535,337868.8883
CL 78_2,156846.2759,208852.3436,215034.4585,166072.7854,164061.0556,172306.5944,90414.39694,181968.2836
CL 76_8,11802.90618,14425.31767,11907.4143,14870.66297,36818.74067,20639.6265,7705.423276,26932.59138
CL 72_2,14992.47346,23866.58815,15006.00537,11399.15575,7093.582188,21603.62899,20044.06801,34604.12496
CL 68_6,30927.94611,39321.18075,33836.7095,29570.52893,11829.5558,12233.05103,3511.343464,9627.549762
CL 78_10,5557.277796,4318.167721,3336.841768,7565.100974,16295.07262,24721.92993,57993.39226,17631.43367
CL 82_8,171944.3291,129083.5105,166520.9432,158267.807,168274.4295,158341.3269,80528.13628,145141.4004
PA 38_4,1414592.299,1053858.254,816034.2858,1075846.665,1329570.046,1069158.713,532542.3588,756983.303
PA 40_6,1833298.434,1459231.773,1236531.201,1541611.79,1470237.807,1502139.518,396856.1243,922935.3287
PA 35_2,19735.91421,5384.722305,20816.70071,27425.89548,25737.73919,24809.24814,5706.11598,11044.60964
PA 43_4,953835.2864,688631.365,688336.7422,921596.8626,848624.8807,901230.1475,1263050.098,717770.591
PA 36_2,729798.0256,606225.6163,470458.5655,614143.0901,511415.743,600394.5621,197871.9235,357266.608
PA 39_2,14825.14207,28937.33932,21538.33193,24220.87809,10534.44803,9000.059019,11060.19193,9848.37567
PA 40_4,379775.5865,323334.9979,310042.4492,289112.0034,402834.7246,303269.4103,167317.5238,249492.0255
PA 41_4,23288.80572,17973.18105,20335.22166,20330.77263,10703.69688,17419.68558,25203.92927,26199.37844
PA 34_2,26821.67477,31086.99226,30726.07653,27152.55892,12896.53261,11692.23322,2452.726678,4145.36972
PA 38_2,181451.1465,164369.4185,190229.8837,148735.7009,165395.9857,202210.3061,73293.24536,163176.5681
PA 42_8,351514.3227,233891.5261,172247.9396,195665.1662,152386.4992,231639.0916,39762.23063,111945.0602
PA 39_6,14342.36843,5062.289351,5998.749947,10215.00417,14202.13464,9424.801252,10015.6486,7518.630604
PA 28_4,38358.92765,34436.91396,49955.86683,29854.53932,14923.62545,26873.41871,5850.543388,15571.43091
PA 36_4,34188.35147,26001.48128,9921.505118,22624.02431,12954.00071,5119.23414,2297.396647,7991.670464
PA 38_6,13391.31066,3849.667017,12176.71088,10139.66987,18897.96077,15314.48174,60754.12114,29008.27442
PA 37_2,1766.63491,6237.680711,6554.327711,4279.373587,2517.984037,3643.213181,1355.207469,4737.494576
PA 20_0,21963.21717,15960.93165,20871.65786,39731.00728,15561.17141,14005.9405,4565.516792,11655.46067
PG 34_0,2183381.018,1683005.148,1799148.608,2465503.675,1894199.122,2136918.327,1317048.804,1489775.647
PG 38_6,1006962.292,528982.1732,528866.6401,683807.1696,576565.2016,703796.5133,121024.9653,288800.0352
PG 36_4,705091.9667,362089.3066,420188.5843,569236.7914,420752.8892,636129.413,89426.51234,317439.1346
PG 44_12,3416378.217,2419568.702,2212912.219,1880962.004,1290489.648,1249823.148,303173.6231,699181.5591
PG 36_2,3736495.424,2229924.568,2410680.134,1691062.922,1686866.631,1923308.053,608688.5102,1150738.766
PG 40_8,2374097.486,1490285.2,1468652.263,1519570.227,1246019.546,1672954.579,274156.9477,1031605.769
PG 42_10,1215307.629,681480.7165,544133.1479,534291.4597,584043.4996,725248.9619,121973.5029,353697.8237
PG 40_6,1306905.126,646404.6419,663414.9728,641478.4089,374395.2052,456663.5848,133359.1577,150236.1428
PG 44_10,233107.1807,130583.7929,130631.7499,130306.4852,119266.0323,121499.964,26440.23006,53351.74146
PG 42_8,284811.0814,169238.2675,176274.1236,207245.3262,164542.0297,195026.3066,57685.42209,88973.75287
PG 39_4,1922929.403,2719591.262,1883197.353,2319487.508,2155997.536,2422752.503,1992170.617,2304448.689
PG 38_2,60879.49541,40598.79005,52321.02372,33534.77962,42375.66296,47344.25017,20881.41623,44598.33067
PG 38_4,120433.0189,84381.32458,109934.6815,109306.3422,101316.3414,114316.7456,76100.10517,99577.60688
PG 32_0,31720.38671,31333.00525,38940.96644,26544.72708,18509.69413,19488.85274,13607.77081,19329.51174
PG 37_4,62348.62229,28245.21529,24389.66487,53363.62255,44314.44565,28487.6743,16491.46767,18867.23595
PG 32_2,16267.91165,3026.928147,10015.21757,11825.52285,3619.5202,1892.400914,1046.382231,2706.500383
PG 34_2,601384.4696,725826.1987,738360.6758,1050588.142,634656.3049,560023.2277,98179.16533,367036.8783
PG 35_2,7664.354641,13615.83755,18371.5711,20090.22768,20827.02576,24231.15096,9226.252725,21986.00597
PG 44_8,58839.31213,47681.95685,28604.24342,53647.95531,46157.20598,36995.16909,13938.21031,20243.51036
PG 36_6,13835.7588,6455.979865,4962.35076,2222.846785,2028.440306,3231.112698,1434.825956,4810.634998
PG 44_2,4903.916659,2793.395645,4206.413858,2603.209333,13948.06992,50207.25456,182902.2774,112350.1473
PG 34_4,12413.11962,5160.445126,7164.938481,5219.68811,7326.690585,5034.394385,3857.128512,5212.03824
PI 36_4,1599633.145,2122780.102,1481112.872,1825124.882,1328304.23,1610723.469,488572.1405,1214326.448
PI 40_4,269770.3812,265947.2595,260891.1177,119545.9462,198547.1347,181446.0715,315290.5344,238204.7027
PI 34_2,302297.6836,499933.442,325984.3321,464011.7493,279471.4551,344443.4476,82189.29793,313940.0521
PI 40_6,606154.3791,516838.312,571035.1676,350493.8907,424607.7063,394982.6429,757483.4793,611468.5182
PI 38_6,106077.6741,218832.3755,118537.3877,191883.2493,89905.30385,105556.4438,27197.91544,88008.76886
PI 39_4,135698.0731,164581.4993,206076.3768,67684.83579,62515.22606,151063.9864,505.9746974,119778.0221
PI 36_2,939827.9215,1650184.871,1473680.199,1155896.414,768321.3524,1000117.916,541902.8174,841616.6642
PI 38_4,50236712.84,43357316.23,50692839.64,50188010.9,51193050.33,50292404.07,35763441.15,43283745.43
PS 36_4,517926.6549,642939.6279,492773.52,850259.3985,393305.825,506994.5907,239061.3157,400634.9662
PS 38_6,373537.9447,620748.8553,412881.5604,683717.4909,383306.6804,440217.9248,236312.0508,418042.6721
PS 40_4,285306.6592,403138.8672,333882.2603,327041.8689,429433.4302,603569.9166,337837.7327,510602.9686
PS 37_4,108653.8158,89883.55855,64355.05924,103945.7723,55930.13162,70947.87256,42006.67993,57594.20091
PS 38_4,23458461.66,29611778.47,28490190.69,26065950.41,25571313.18,45666824.48,23987294.02,46204226.75
PS 42_6,37420.45832,28660.41633,26669.96515,18190.15705,21883.35796,19900.5909,68711.91206,31695.96734
PS 40_6,2909840.505,3666769.704,2651051.567,4234409.517,3743486.697,4799798.683,3787991.709,5810009.535
PS 34_2,18064.48118,21129.55924,15861.38774,20050.5422,12867.81001,19065.48383,5037.242462,6076.798305
PS 40_8,14110.92717,8228.611554,10852.59002,11403.33273,4586.793839,5636.663253,1156.6616,4535.909225
