Sample,Ctrl_BKS_2202,Ctrl_BKS_2203,Ctrl_BKS_2206,Ctrl_BKS_2211,HF_BKS_2214,HF_BKS_2216,HF_BKS_2217,HF_BKS_2218
Label,CT,CT,CT,CT,HF,HF,HF,HF
CE 22_6,37007.69478,48391.45313,34771.36221,32088.42261,72379.935,39454.21992,84298.4157,49500.36198
CE 16_2,894.4546302,492.278493,2139.483493,5372.410825,941.0677201,919.1708591,755.8885648,5577.642974
CE 18_2,126572.3582,144513.7837,79250.19245,76133.27891,178031.7216,314979.9028,237352.0698,240322.2998
CE 16_0,15588.54386,13231.77819,17648.32973,13404.60307,11595.5266,18400.47136,16110.81765,12168.85694
DG 38_4,1910164.391,2687537.07,2589346.463,1654410.363,3413145.246,4861345.822,3680765.589,2758496.032
DG 40_6,306397.0424,1509476.537,530095.4162,829115.1426,501518.3394,600045.9731,869595.7682,1052224.967
DG 34_2,21802550.86,37412638.91,29973713.85,23956447.83,23970064.96,14682681.29,17858604.66,20798245.92
DG 37_4,56526.69674,54858.35421,49354.30551,37131.88766,33359.58701,55649.15682,64287.08409,51244.27114
DG 40_8,847042.6265,1133432.297,1224497.269,501663.7371,1188734.431,1840907.716,1243581.473,1984257.79
DG 32_2,668837.6032,851968.9483,629412.1486,529094.5224,446307.1358,314740.0117,155436.7765,298000.688
DG 32_0,261685.3414,279710.1104,258610.4441,314857.2915,399317.6326,293185.2505,714243.6955,561550.141
DG 38_2,1310181.574,1763243.245,946047.2565,721435.0817,356373.4401,476565.914,1060826.273,733833.1615
DG 34_4,110951.324,189001.8583,280118.8319,102877.5082,189845.9232,120557.0106,110226.7192,86735.60517
DG 36_4,16403025.27,20136405.2,19370045.55,6330073.992,17029626.87,23698475.94,19648490.05,21566911.68
DG 35_2,358403.2925,406388.4248,297951.3751,209129.1822,213012.2112,204638.7879,264727.0774,295110.4376
DG 42_8,133455.6435,196569.8028,92968.10467,95903.8647,68978.09735,91963.8585,128678.6334,232994.9664
DG 38_6,2440958.923,3472085.42,6961675.106,2954097.849,5888610.756,6347562.69,4455057.838,8248243.235
DG 36_2,19990427.18,30716611.69,20105425.73,20816793.65,21353949.65,15121613.31,19081518.71,15626587.85
DG 40_4,68298.17249,98557.19432,80066.34535,39834.89317,45493.05971,107468.8216,142232.8889,86223.11032
DG 34_0,91682.17147,79095.56838,74296.69565,73533.91721,162297.0924,278033.4306,469338.078,337010.5661
DG 33_2,276316.9398,357089.4274,297330.3532,133491.1766,108052.0146,142180.8015,326176.4028,176215.5859
DG 42_10,97379.9977,248496.1001,140155.7213,89849.46848,80702.82087,107342.388,100956.4212,145756.8591
DG 42_6,40100.82172,89305.30447,34426.81418,34590.81973,23327.28669,27161.33625,51442.6719,79088.80293
DG 44_10,64784.3522,84415.33912,65636.42327,66187.88614,49712.21779,108184.3137,98180.59757,122465.208
DG 26_2,14467.23254,6887.29655,26538.82747,4181.40692,7777.873398,29366.24116,44920.53872,10528.24017
DG 30_0,96112.43338,109324.953,58952.32832,55569.18461,33418.3318,48270.66041,42218.52102,63692.16541
DG 37_2,165462.9364,163296.5197,93985.2935,68767.36209,82384.77884,60296.96172,100703.7328,60664.92434
DG 39_4,11141.40483,2773.568748,19352.27589,7960.547296,3466.657198,20953.60764,20049.32551,5814.909672
DG 40_2,97515.40878,185731.9059,56277.69383,28116.59106,16707.27693,13785.33515,64259.15687,36432.46773
DG 36_6,80883.7882,87786.6614,428620.2962,49341.90612,143367.8564,154439.6069,175883.914,114045.4955
DG 42_2,24018.86115,32943.45729,18319.50628,11869.51347,7863.774911,16653.32453,47169.06253,10657.14108
DG 36_0,17317.45938,10828.18044,9792.734815,13247.94058,10776.87408,27609.07362,90725.16242,23998.45888
DG 38_0,10849.23453,10095.70934,9662.915045,2530.217704,3157.581647,6485.096962,22747.10281,10197.3307
DG 33_0,5779.146543,8547.902373,8405.368247,6491.648156,17429.17705,9649.348333,12181.13033,14642.41493
DG 39_6,1289.955343,3910.106688,5093.505056,2100.450387,5439.601147,13862.69263,5668.332257,1945.657617
DG 32_6,5835.766277,7486.028879,13433.44689,4471.204329,11697.49376,33304.10116,40937.66208,6685.229912
DG 30_2,24700.25417,22731.21755,115531.3868,21980.12198,98905.89202,110294.7352,55636.73149,35566.82401
DG 37_6,9611.987477,11001.75945,31926.21341,14822.50572,32575.7699,20193.0404,13130.98725,34572.90586
DG 44_6,3447.642126,7491.413295,4414.521689,2273.710583,6208.532433,4865.588299,1472.164112,7125.123677
DG 28_2,10583.47454,12970.00885,33615.90287,4847.549723,19759.20806,38098.10204,41472.24668,11395.52582
DG 39_2,23338.86037,61032.84478,23896.23501,9373.616593,6460.124934,17545.6399,43889.23857,24487.18174
DG 44_8,7468.255538,18272.21509,5632.606012,3151.199601,11538.34448,10369.9721,18506.52475,34563.61
DG 35_4,40295.19657,83657.97986,72266.87513,34295.31942,91435.38514,28736.1814,38017.03856,62051.72293
lysoPC 20_4,7665538.409,9688199.626,3958041.341,3952775.713,3634233.295,5099810.547,9088740.716,7324882.13
lysoPC 18_2,6135379.076,7293332.766,6119156.635,2746050.455,3634231.055,6769803.612,9255364.472,5221601.261
lysoPC 22_6,4122151.855,4799124.57,2708585.52,1957671.982,2647689.866,2712809.934,7048596.234,4273293.45
lysoPC 19_0,228020.7209,244938.5957,250750.2293,83439.17923,121653.9831,419965.9399,577859.2947,168885.8398
lysoPC 20_0,216927.9862,261474.7585,500096.8473,141163.1182,157841.2714,317222.941,802697.4993,247735.2467
lysoPC 16_0,28900978.61,39392011.96,28581597.25,16265937.78,15942293.54,26599459.97,24901562.34,27454473.92
lysoPC 18_0,27727593.39,28912663.02,18732106.71,10509638.04,16778091.45,36072647.68,26000339.39,29157123.62
lysoPC 24_0,105683.6707,119968.7653,85764.32189,36631.0199,55171.94784,297356.1246,279017.6508,110139.5458
lysoPC 20_2,149491.054,190335.9668,49619.81161,61021.40415,51688.25302,219565.8369,373835.1268,108682.9582
lysoPC 14_0,89308.16062,85128.66135,51958.856,28791.9567,26576.06129,41540.60762,53908.42484,37856.44685
lysoPC 21_0,7863.552916,9735.559522,5999.120504,5138.237242,4576.797385,5637.513698,8574.523781,4677.611712
lysoPC 22_0,63475.75131,47929.64637,69484.82132,41765.63681,34341.83527,122759.3969,158155.9887,53995.50275
lysoPC 22_4,83055.95966,102196.6502,41711.8993,37765.90533,45888.60849,69775.73682,99381.225,71708.05465
lysoPC 23_0,4894.789963,5720.541829,10413.73568,4580.382578,3293.247173,42661.69087,25082.66899,8629.123805
lysoPC 15_0,51914.90294,59848.283,88619.1087,36830.40913,54872.89648,88121.07131,113278.2434,83584.62862
lysoPC 24_4,1921.837139,6088.065031,3172.64521,1790.782855,3075.23667,1515.888971,4042.487085,5871.550983
lysoPE 16_0,1615231.971,1773120.964,1149208.237,680771.3985,935221.3425,1256738.5,1438752.04,1434039.236
lysoPE 20_4,2230320.611,2526576.709,1361006.495,837738.5758,1222273.379,958954.9584,2162939.405,1194692.011
lysoPE 22_6,1074289.453,1177427.559,815436.5132,458339.807,769826.2503,637993.544,1419489.51,847835.7992
lysoPE 18_0,254609.9946,226603.5276,255546.7684,68045.01005,164680.4042,186160.564,371234.7783,152120.8799
lysoPE 18_2,230645.0862,230031.2247,297286.2555,85948.72216,222678.4107,330767.0595,711447.5838,234248.7594
lysoPE 20_0,21906.66174,20091.47221,20871.45708,5589.507405,12673.3215,6968.151138,28670.73139,10227.02668
lysoPE 17_0,36618.97846,34275.65235,21571.02204,10584.79065,30719.66925,75412.01721,147533.9476,39755.39413
lysoPE 19_0,25197.25773,20365.20725,34245.40881,7169.345802,18073.7015,10829.45852,36544.37726,7234.241536
lysoPE 22_4,30523.54593,42061.85473,14626.32621,7029.031321,14994.44836,50529.55266,85428.77668,23119.51255
lysoPE 20_2,14356.5366,20474.98737,10213.19307,5639.611202,9435.28139,25401.78056,37987.75131,21147.41024
lysoPE 22_0,4094.383208,1047.92493,4105.183031,1517.44399,2860.358851,2185.746418,5143.337152,1107.906203
MG 16_0,40990.85152,41369.93869,19156.74014,14783.26689,13523.64811,41553.66116,71395.25787,28313.80495
MG 18_2,65752.2668,69606.548,87598.09776,36050.8785,32387.46517,171971.0795,179732.6042,123185.5763
MG 17_0,60233.46718,68644.66798,55564.38423,50495.49652,75690.12936,70330.63587,65799.70658,65007.78162
MG 20_4,29344.78763,33537.16036,37596.09613,18922.68906,12598.70621,157977.9911,97693.31195,63658.50744
MG 18_0,7544.126468,11143.23118,11887.38461,3914.066317,9002.984043,18590.38714,34482.31323,8892.150451
MG 18_4,7751.701085,9526.626799,10898.30687,5027.274996,8045.663429,12640.30101,3654.606086,7482.704513
MG 22_4,1481.779731,2009.66121,2715.979033,1520.002421,1230.235443,9956.298457,9111.430225,7627.426938
MG 20_2,2043.879739,4931.550776,1886.564279,883.1874095,2868.661818,5962.521237,6776.178168,4325.862922
PC 35_4,679410.6452,875846.7882,638468.8702,568186.9528,955033.2881,749816.2514,966477.727,984717.8366
PC 40_8,12534641.76,15470010.77,9870159.234,13934694.28,5105132.546,6870393.855,15602226.78,14954114.9
PC 34_4,6535283.692,7721769.795,8466828.333,3629195.55,3704073.943,4924897.031,5991624.131,4236974.199
PC 35_2,1673588.754,2036422.002,2419792.151,1368720.484,4780476.012,3337354.084,2107432.638,3224335.742
PC 38_2,5761289.225,7009984.522,5115566.094,3465508.6,2980410.778,5133317.125,4505662.443,4762629.5
PC 37_4,2099124.799,2445291.296,1510889.739,1722568.09,3757474.732,2311353.652,2232741.61,4450003.061
PC 40_2,295523.5326,404058.4696,237905.9506,174690.9919,152309.2544,195824.9431,203410.1781,181587.0674
PC 33_2,1528560.625,1938350.861,1766316.047,866669.1588,2331912.775,1922141.052,1393490.82,1932291.079
PC 32_0,23854228.84,30211183.02,18381128.96,19551295.12,25541304.99,18945593.8,12271908.67,23870839.64
PC 44_12,83538.68879,189370.3823,79610.17614,91838.7112,77068.48026,77904.81735,187302.2488,93964.70362
PC 39_4,1413049.648,1850998.997,1133164.527,990706.1653,1175736.632,1078892.336,1208599.085,1524822.172
PC 39_6,438077.2421,571680.0465,599337.5084,454079.5323,1898665.022,980570.2256,983499.7125,1437691.727
PC 36_6,4208766.316,4952256.188,2348653.236,2033273.849,1199745.03,1320152.584,1590486.845,2126691.699
PC 32_2,10028338.71,11258906.87,9095845.023,4948825.058,3900143.52,6818223.487,4684447.141,5372598.197
PC 42_8,121332.7064,147935.7167,40033.32722,92773.46385,78950.00927,108604.3925,121514.5595,121539.2756
PC 37_6,643244.0285,890675.7686,625950.0677,482184.0588,846301.4986,574713.9845,809958.2423,941578.06
PC 42_2,94048.01058,102894.6997,90420.5376,42635.22166,44122.11674,89058.88071,81378.42513,58627.20596
PC 36_2,37252374.63,40873475.7,46437966.05,36448163.33,64968493.92,59910786.22,43192017.76,46566379.33
PC 37_2,1088169.921,1476358.266,2339670.342,864596.0874,1768229.085,1472191.686,1876126.186,1080076.738
PC 42_10,1278957.675,2836548.014,1338704.457,1635701.896,914800.7605,1487630.115,3664439.715,2737495.828
PC 36_0,229468.2431,244053.1347,174989.828,249091.3825,337929.0313,620098.4279,365105.8761,529344.5052
PC 41_6,223632.2723,274665.9451,308576.6665,160877.7329,430427.6293,322545.6513,643888.1774,368968.061
PC 38_8,357472.6069,531952.9224,495273.0736,211675.7336,255337.732,211960.3968,583174.2903,323540.5215
PC 40_6,14681390.23,16943785.27,14962002.67,12667012.08,30464658.44,17902302.01,12249406.27,22402749.13
PC 42_6,404735.9342,645228.4108,715098.1693,303683.1754,463372.086,184505.9701,677369.4085,292839.8735
PC 35_0,179131.9355,252074.6437,184959.2587,124996.9196,146265.4098,213089.4064,219745.7562,189656.5134
PC 40_10,99956.93681,152115.4042,121117.7007,143665.4923,177665.6749,121507.071,99960.20068,180224.1374
PC 44_4,72906.19887,84544.15452,41125.63197,37794.23043,31247.04999,55076.56882,69228.54192,51942.00652
PC 28_0,58232.49461,75342.26446,64984.49094,23083.0981,24915.28406,65691.38549,64482.01201,23838.07068
PC 30_2,107086.2681,156371.9624,124444.7144,57335.52361,62626.45678,189873.3104,106250.8739,73307.51202
PC 31_0,41410.20217,39057.58624,51738.9283,34901.63117,46070.75524,55950.79123,31308.35562,43610.12359
PC 42_4,97153.73169,125327.4185,64283.14858,56059.71054,34840.19661,85820.45822,51885.19518,64364.94894
PC 39_8,45361.51365,64411.03335,27275.80853,26106.6143,17990.25312,15501.67115,37716.77807,44769.25094
PC 37_0,101639.4286,122409.4926,75709.91909,43007.52516,29680.81373,86569.21322,118928.0818,73163.45684
PC 40_4,38845.95329,51689.01567,23710.61309,20296.39487,28954.97936,20581.92146,24855.33949,40634.88862
PC 39_2,41686.89704,69071.94238,37508.01781,24465.43841,27980.35227,37148.30187,31754.92569,28883.7716
PC 36_4,104144.5597,126567.5957,240116.2221,55054.67724,92685.96,214410.8399,516094.9536,178490.2099
PC 18_0,17375.67912,23199.80411,11623.00305,6487.157339,7280.712609,21733.07315,15469.52497,14758.29994
PC 38_6,55216.60517,78168.91919,49835.9573,74525.18224,107368.8428,47689.26791,32033.99765,67923.85587
PC 38_0,23573.87465,40212.2252,33113.5783,25983.57899,48108.72622,37295.88388,65645.28252,29799.33377
PC 33_4,23126.52578,32170.63488,15156.29987,7951.850446,10767.82108,19892.92017,31279.5464,14988.14753
PC 32_4,79975.57799,88652.41137,55816.97229,21608.96785,15890.02303,91065.33403,96480.64604,46291.34975
PC 20_2,8677.449876,3137.627732,9266.113336,9400.875643,3125.911908,21529.358,22142.36056,12642.60075
PC 19_2,12040.40182,14601.6056,5767.912621,4223.494378,6171.070301,16982.3335,36202.27171,11258.64211
PC 33_0,108120.0468,148605.4626,71304.21854,73416.82533,111427.6601,115290.642,89909.76706,112504.6139
PC 40_0,18557.53211,22390.90151,43932.1146,19354.4321,9399.552313,120794.8277,41606.60339,19560.16852
PC 44_6,15506.03903,12566.8308,22295.52368,18626.54214,10252.61055,61716.7899,19371.82998,17717.98917
PC 38_4,33655.05167,54201.15047,23825.73183,50155.14872,35968.94356,23970.02075,13150.87569,41022.80946
PC 43_6,3411.35458,9161.749103,11415.78708,4911.140924,6542.445047,2696.459781,6762.236152,6976.992611
PC 28_2,2287.170628,1684.899047,4600.800908,1227.689685,844.0504913,15308.58852,10344.95269,1710.227744
PC 39_0,6638.603378,9554.099691,14872.6307,7245.500189,3329.296198,12920.08762,23949.97344,9028.469593
PC 17_0,839.3930655,285.3355232,592.6600288,641.6777095,322.116156,4021.02148,12364.62755,2673.300814
PC 31_2,49714.88263,72139.46892,41924.78341,8928.932807,10327.98329,47681.9128,39044.54086,14967.01773
PC 41_4,31716.9471,63901.59006,48702.69374,15978.36941,21334.31877,60796.85609,98139.96123,46811.0191
PC 31_4,123861.6038,195763.2749,214356.4825,108057.2973,79012.49314,98688.12089,95001.41302,77859.03334
PC 24_6,9593.927659,6057.400449,7804.054034,16205.80844,9692.507955,16111.33277,10848.53226,16798.40417
PC 29_0,14379.25168,9361.944919,25096.73815,9374.034627,15799.01987,45228.69409,22763.12183,19173.61576
PC 30_4,2306.093662,1057.836058,2296.133223,1562.1903,497.392793,6325.637319,5367.342208,656.7702564
PC 30_0,18621.4107,17914.40433,13970.97498,20604.15836,11657.64683,19174.27545,24107.27913,9641.116893
PC 19_0,22249.8682,24239.42469,22105.96444,12972.41084,7327.294663,11027.29474,40945.2319,22234.55857
PC 7_0,7334.35208,4925.591713,8400.531971,2465.115356,5307.152517,8719.524068,4928.616893,3709.604977
PC 12_0,2292.700891,721.8830552,4353.143534,1081.084337,3330.794373,2447.71532,1477.357474,2394.727158
PC 45_4,7048.910685,4854.288603,16247.78765,3521.49492,25124.12961,25908.68315,10496.73785,8608.300697
PC 22_4,987.219649,4976.108908,3392.084447,7639.354329,4643.122262,18806.35414,12795.43544,10776.20647
PC 21_4,912.3443317,1040.338381,6723.692494,2864.697654,956.180704,4634.162537,4630.613439,1387.099604
PC 26_0,5010.93921,4579.696749,5465.672037,2655.636318,1258.604983,7871.534021,6898.872382,2126.44036
plasmenyl-PC 18_0,1063541.284,1027033.439,846984.3716,446166.723,299735.8229,770127.7496,1674149.231,508523.241
plasmenyl-PC 20_0,163072.3011,208040.6608,161138.0707,75907.78886,56159.78392,90564.11995,116131.1719,57070.04283
plasmenyl-PC 40_4,739.2235698,7040.270241,5268.978262,4565.265561,8805.384585,5416.324395,5105.62241,5075.716438
plasmenyl-PC 36_4,10881.95358,37195.11426,4284.418882,8077.279208,9654.158415,14971.32097,48433.58307,11650.97556
PE 36_0,4811890.743,3906171.857,4531058.937,3784918.751,2788654.027,3587945.991,4375741.528,3950172.953
PE 39_6,251391.6116,257430.4458,329480.5419,232222.9431,887940.7711,586868.8516,409853.5145,782476.2948
PE 34_2,3203754.11,4633056.917,5161226.407,3072118.387,8038790.852,7323177.667,3377909.882,4622922.37
PE 39_4,821315.9042,1085711.159,1301268.363,735432.3488,1060219.852,600587.1424,1096036.494,902260.3548
PE 40_4,2454285.964,2962890.839,3418063.712,1302997.764,2223464.277,2466342.418,3649266.292,2556457.061
PE 36_6,451520.4304,514101.7442,301918.2421,273638.8722,141858.4204,236274.681,234442.5225,282735.2342
PE 38_2,801517.4185,793656.7472,1049810.358,480255.0093,379521.3867,669816.8854,981546.095,615629.9722
PE 36_2,3343350.233,3743931.551,4124067.973,1965850.371,6595560.012,10339112.11,8102493.176,5253274.96
PE 40_8,1229258.069,1409656.923,1575846.071,1344469.677,1107761.348,1206234.259,1383934.425,1771995.879
PE 36_4,10115738.71,11475431.93,10308513.42,10152616.85,10137676.98,11090756.22,11308794.37,10181439.89
PE 38_4,13605.50348,31499.85344,12337.73941,3650.508368,18740.97999,25875.39998,33818.28123,20256.5839
PE 40_6,5976968.886,5759953.252,10421179.96,4986503.106,14650025.13,10304423.41,12762038.82,11215789.14
PE 37_6,191349.7966,262742.5425,149186.9752,137862.0979,216672.0666,229987.6156,194612.1096,289965.0432
PE 32_2,91476.32131,102278.4813,116132.0217,64567.62656,66331.6517,106161.0256,74228.80708,57488.39884
PE 37_4,300898.7521,239175.7623,254167.9462,233607.6539,332048.5917,295404.6013,436932.6577,306041.8436
PE 42_6,187195.0777,270316.013,416902.8335,122797.97,186024.9026,127165.7294,241210.3782,199996.1355
PE 37_2,151881.3726,215081.4443,271613.3012,176192.3821,482603.4387,156330.3569,167880.6565,185207.9589
PE 41_6,173213.3789,168400.9078,444125.8059,205435.7533,226286.3412,184816.064,228346.324,257807.5657
PE 34_4,28208.87863,73142.13429,49140.04834,14061.10521,8040.765609,16646.02299,58424.66254,20865.06717
PE 40_2,99537.00597,159544.7974,188243.8795,69200.1575,29526.98419,76383.71379,110840.8995,59159.81154
PE 42_8,66241.17978,118939.7071,72772.70374,104761.624,121809.0636,54277.71352,61638.47485,99634.24387
PE 42_10,232269.5386,331816.4635,178359.0055,159860.1219,264767.1236,171570.767,142472.4012,214893.7537
PE 21_4,18546.61391,24506.8162,26254.76121,10007.41997,16818.65904,61530.79858,46332.83086,19912.91085
PE 32_0,37658.84997,41716.69221,34704.82065,41755.34272,55824.14404,40358.59099,41192.94172,50035.01103
PE 44_12,146656.7898,291602.8587,163341.124,65249.44924,98310.10124,143435.1875,235528.2041,123117.8636
PE 35_4,13641.36788,29968.67568,14175.08971,12896.41138,38260.25295,25505.983,10842.07574,18081.17849
PE 34_6,2201.841584,1765.939287,4486.778813,1219.716317,289.0952722,4819.453967,2362.584307,1404.442858
plasmenyl-PE 40_6,683710.9806,911022.6778,1192896.767,669157.8284,2176607.745,1982252.262,1547294.404,1396941.692
plasmenyl-PE 38_6,585545.52,813644.6258,741911.6272,613622.9876,1324905.135,842370.4544,449344.8897,807940.8679
plasmenyl-PE 38_4,3246469.483,4396934.161,2678794.966,2006770.789,4087843.604,8723051.176,6270068.313,4844259.114
plasmenyl-PE 36_2,258435.0418,242032.4106,514843.9926,230257.4111,288802.6949,576877.1492,358684.2241,292314.1198
plasmenyl-PE 40_4,677264.9903,922642.6884,510274.7364,574346.6669,937373.5395,1038190.447,707065.4211,1005343.694
plasmenyl-PE 36_4,673513.1138,940486.965,471766.7779,562849.0071,915556.999,863654.0084,426916.5841,668026.872
plasmenyl-PE 38_2,84644.19005,54816.02638,87795.8509,45252.64262,49954.33214,101207.7297,121039.7177,67354.03202
plasmenyl-PE 42_6,82935.54415,107561.7767,140773.0866,117375.8258,386326.7027,352690.6701,203596.9294,201259.7187
plasmenyl-PE 34_2,32111.32648,56669.61234,47843.84572,35593.70511,72291.12828,68952.28613,26310.5871,28534.41465
plasmenyl-PE 18_0,173588.7009,154247.5964,70675.86936,24997.4292,53875.29011,114369.4383,406149.4874,90994.33469
plasmenyl-PE 42_4,61596.96903,67525.47419,105130.3431,69395.43587,143639.3091,227663.6742,155272.4659,191097.8953
SM 40_2,4361657.218,6790637.135,5190788.914,3357546.192,3928243.726,3042836.313,5654096.661,5695613.193
SM 41_2,3981742.827,4973076.857,2689034.463,2671989.607,3035316.092,4617022.801,3471263.989,4394720.673
SM 42_2,25809098.9,28891274.88,16425672.27,19542191.62,20708747.68,25699231.3,10755557.91,22381087.63
SM 36_2,196140.6966,193951.3262,199551.1127,166148.3854,645939.3011,1334324.606,663912.5296,823517.303
SM 43_2,298060.6397,264251.1831,304628.6007,259068.1192,367996.0013,677820.8107,474405.6981,520561.0773
SM 34_2,2452329.648,2164186.689,2120238.004,819372.1144,1245947.667,2359730.574,2480715.443,1340842.773
SM 34_0,515981.8978,572317.1999,549906.9713,479617.9793,981745.3277,1651532,650337.7689,643308.6992
SM 38_0,441233.0542,447698.7955,545462.055,216267.5039,472161.4795,1993327.323,704687.9595,676754.1978
SM 40_0,1489666.603,1541992.269,2296661.644,1046361.331,2171317.78,2649167.133,2504629.485,2469805.755
SM 36_0,131509.9635,120646.3545,107082.2246,116817.6679,358260.9037,708335.8278,152989.8859,296893.9187
SM 38_2,81922.57794,111843.5838,86196.3204,107012.4975,199824.1648,144441.9659,135731.0287,227029.9353
SM 21_0,103806.9434,123802.051,83433.50265,46666.19565,38360.1852,117608.547,130937.7746,67527.41541
SM 39_2,64245.55985,101047.8766,37418.30233,50114.12923,61974.18726,37608.16222,81557.47011,53174.59344
SM 42_4,155700.1769,177183.4126,269421.2324,184188.4809,454604.323,219069.594,197341.1165,405143.9647
SM 33_0,71855.49089,42557.90336,53714.56975,46827.45923,137304.9236,302043.2116,199577.086,165134.1316
SM 32_0,17840.01241,9528.078051,10193.67568,13356.28976,5814.258348,78682.88955,33974.43958,10724.58172
SM 32_2,26321.20341,29742.15109,21934.26414,12902.88199,5006.084894,21289.07128,14778.0771,15159.09061
SM 42_0,14515.08469,13661.028,19997.78408,13735.05353,27920.2083,58261.2783,31262.34267,32618.72918
SM 44_2,34342.06714,41642.69321,32325.04914,38063.34891,58763.4554,92629.96847,80890.2287,62795.55914
SM 41_0,34886.11606,63089.82652,48389.49157,36628.98987,57671.84775,65376.04952,43230.42526,48858.90941
SM 37_2,4615.542598,7144.469906,10165.32575,6397.165326,41262.79129,17829.72721,14737.25895,27023.81019
SM 35_2,5067.382816,6038.948468,2853.587018,893.43273,2455.557781,4700.568278,2810.197847,2711.802403
SM 38_4,6443.052402,7366.470435,2271.351578,1180.916016,2607.749801,3442.387463,2811.477316,5251.219618
TG 54_6,12807309.06,12038082.91,27025959.31,12794802.05,22795292.74,24398368.93,9688250.654,26885679.92
TG 56_6,3024075.697,3057221.166,5547452.985,3459633.898,6278678.454,7425088.772,3565374.822,13408209.93
TG 50_4,595960.597,511716.983,732034.5692,543172.4499,478094.2534,476148.8086,184687.8313,290943.5159
TG 50_2,416348.5184,309897.9493,242338.3545,306230.2445,181405.4733,152627.1792,188923.457,133634.133
TG 46_2,1564367.629,1049819.292,4307309.388,1550093.291,1516225.521,2652277.314,501316.9802,631253.514
TG 62_12,45962.78922,47966.9318,100893.8055,41700.95421,66371.7351,107778.3617,58963.93832,249822.8778
TG 64_16,4147.14755,4732.723155,14188.19117,3797.760781,5804.37966,12765.97655,5530.176068,28661.68792
TG 52_4,32385511.52,30143416.53,39603723.27,31750827.06,36024596.73,32119707.73,19844662.44,29671406.82
TG 56_8,4414661.689,3563064.066,11795873.26,4228988.653,11083856.28,13775892.65,4040584.245,18055062.86
TG 51_2,1727844.196,1218475.781,1190730.257,1345816.794,1241920.812,1125636.385,682808.5937,985195.8531
TG 62_8,27991.61899,33743.74246,83087.61956,31177.36448,32179.10178,61837.64704,25362.46989,101589.4406
TG 60_10,228139.8251,156542.1742,343349.1637,188470.5727,260762.4896,513497.4794,255695.2758,818485.8496
TG 53_4,890880.9067,1005764.775,674952.0608,562989.7061,1651570.759,1600975.556,822254.269,1236900.557
TG 58_10,969390.1523,1022166.327,2653545.29,720713.1996,2479928.209,4609050.401,1181001.716,5009896.908
TG 60_8,144369.2092,128042.5517,361331.0927,133643.4578,254502.9208,360720.6723,193158.4241,737098.2594
TG 58_8,1304830.87,1008737.069,2736773.631,1262716.644,2260476.072,3467902.996,1395410.772,4322586.046
TG 42_0,22626.45272,26842.11301,127143.4161,37037.34892,56931.17498,84026.8514,30684.22318,25698.04116
TG 60_12,234588.5617,197270.8719,818297.5672,304315.9116,1045680.271,1086729.471,253699.432,2231308.058
TG 49_2,236318.4401,298404.8851,202106.7094,200679.5424,163398.1847,123183.3035,48268.26564,107274.4055
TG 51_4,537298.3604,559448.6793,464020.8399,314984.6328,657042.7301,782158.7277,407258.8498,559735.3946
TG 52_6,5667522.414,3949141.227,19957293.22,5081158.501,12398965.81,9084806.04,1460936.02,8017619.686
TG 49_0,31750.25368,26361.49766,10401.48892,27679.94128,21806.46724,30923.83694,34792.57113,26001.03801
TG 42_2,305976.2528,201631.4585,1868402.102,152356.2711,289466.7436,605981.5225,245950.3254,169467.414
TG 50_0,1562163.143,1112795.87,650683.3834,913878.3507,1172452.647,1013354.587,787637.8297,1309408.987
TG 55_6,77063.19417,82201.05648,125988.1047,119677.7681,299033.6423,233036.8974,123410.6466,303688.9268
TG 48_0,378446.9778,317827.5848,323134.0062,174823.2715,134249.474,206790.2599,95488.47365,146048.1684
TG 54_8,1145528.994,711706.3005,5138945.32,1032213.125,3071836.863,3007558.377,460230.8598,2903485.376
TG 51_6,706061.4223,867912.3311,996666.7808,496959.3808,651473.6947,647767.6852,352049.5146,596628.692
TG 55_8,38909.5931,31644.47317,85501.34205,37721.41782,84648.36318,89846.69288,29033.59927,125097.3497
TG 57_6,47515.63854,68457.16598,101051.8159,42315.33328,58520.7762,264948.5851,64705.08597,160358.0048
TG 55_4,290507.4668,404776.6574,335334.4368,188555.8634,351624.1581,510328.7252,250886.3491,355014.4975
TG 48_2,8028054.357,5890798.165,6628400.935,8061490.827,1981388.042,3754494.112,1158045.073,1229985.731
TG 58_12,36443.89354,15936.01784,271553.3973,44396.1732,260244.4459,160288.7689,16797.49795,344935.9972
TG 58_6,891271.9358,1209862.394,2104388.608,548347.257,849414.394,2524836.483,1011460.577,2248044.237
TG 46_0,271684.6477,187177.9106,88651.35172,164231.4161,93845.01582,101797.2823,67642.71771,56287.56322
TG 49_4,131325.7431,86384.73557,389991.8465,101198.0868,207540.2901,243963.5967,53565.82081,117256.7717
TG 62_10,18167.79592,32556.56804,47139.08073,36705.95404,65473.10376,87716.067,42552.9978,212704.1993
TG 56_10,209769.9323,135415.3673,1019210.46,197207.0826,692484.4437,582616.5161,98996.99427,748682.2208
TG 52_0,1917058.619,1775296.529,1210604.854,973998.035,857537.8535,1482631.054,1504651.591,1836235.538
TG 56_4,4857732.928,4574972.56,7961661.956,4563959.721,3928282.418,4567481.434,2020046.638,8079773.89
TG 52_2,43577.15983,39406.43177,166127.4852,25406.10013,55402.50023,73938.11977,7862.788251,116309.1338
TG 62_14,48294.12626,32689.33,129100.5664,25932.00087,62685.15972,87155.97608,42199.19699,229791.7168
TG 64_14,4715.980898,3939.863967,9948.914315,2337.754442,5900.15979,17987.70853,10276.76783,39028.64334
TG 61_6,5066.240719,4546.599472,13066.34855,898.7139834,5177.184394,11343.56834,3303.488141,7287.155044
TG 57_4,58410.87605,71984.30671,227644.2339,64608.31367,212810.026,192376.9336,72172.34522,238101.8938
TG 44_2,337232.0967,258796.2366,3868570.804,391870.551,2144833.622,2242561.544,231459.7644,495306.554
TG 60_6,126702.9537,119727.1714,705863.7729,140597.6458,386704.8989,506143.5195,102448.241,905692.9878
TG 54_0,34795.13573,29101.37977,101563.8414,58608.62867,24371.50102,164061.9113,52337.86518,33421.69852
TG 58_4,53312.22495,52621.01612,279835.9207,80923.30268,32640.81621,195263.7316,53408.60211,82466.65303
TG 58_2,422388.8134,586456.634,2946522.163,366176.4265,147574.6307,380069.7548,290630.4458,443344.8185
TG 60_4,101410.7385,153655.2944,783370.2951,69590.56885,70529.75659,187385.0273,95631.37125,170949.0325
TG 57_8,14287.18415,16574.33255,57173.82585,27778.26796,101921.5964,102995.8122,29219.59867,113607.3587
TG 53_2,4843859.405,4415782.668,4012622.712,2635992.618,2875475.262,4532481.54,2218091.955,4150725.543
TG 64_12,7093.452329,3288.160831,21912.10851,2808.627412,9601.81431,19443.75589,12606.64299,73488.3987
TG 53_0,25213.17958,33125.97785,78011.41867,23621.82125,18514.76898,59880.27631,58212.35503,61467.22854
TG 56_2,2219201.056,2932772.54,9444465.212,2116681.661,859913.4105,1941181.999,1011607.343,3328590.04
TG 40_0,5960.353446,26441.42061,18166.31388,9580.828898,14790.50415,16656.45368,23748.56335,5080.346913
TG 58_0,15736.27017,19217.70665,92461.74695,10695.08322,3723.342188,11455.37166,8108.843268,9434.598631
TG 60_14,3095.782955,1435.271878,23650.60034,2787.112628,18314.01604,15400.33298,4982.906083,24246.29892
TG 55_2,801656.4818,576651.1617,703867.3245,459684.4849,553293.204,763622.3078,447682.992,723957.5397
TG 56_0,47096.1887,51826.42102,244019.9226,30652.1411,20831.33147,56570.85383,54510.92205,40330.24523
TG 57_2,105065.9713,162405.8201,547904.0996,81153.36216,24964.44144,112992.0919,84082.04026,138444.9139
TG 60_2,111451.1453,142561.124,861998.3606,85269.92336,40185.03025,114880.6776,74452.87111,105002.5973
TG 59_4,7648.481013,7244.892351,65438.58408,15104.35505,10288.56717,54191.81113,13856.2021,19152.79932
TG 62_4,20213.06735,23837.75304,193498.1812,9881.662101,9967.073386,16136.8249,17940.5158,21021.85176
TG 55_0,40882.2836,61279.70322,67612.06574,13374.82933,6096.361832,21008.56553,40426.87523,45481.62603
TG 64_6,3736.425143,5023.684736,27344.00075,1436.163224,2961.611467,6796.684824,5580.991769,7221.474014
TG 64_2,8804.177986,10628.03709,34271.67066,10523.8147,11386.9734,12235.18775,7408.531884,18448.9331
CerP 34_2,6628.371408,3268.915235,2155.681031,5039.257568,6769.534706,5187.520831,2237.285284,12630.22778
CL 72_6,467750.9243,616780.0988,374561.511,224512.6465,420146.8914,243777.0387,408172.1505,288325.3234
CL 70_6,111446.2619,103466.2356,198177.9616,104212.1211,46682.45653,93018.40566,105865.2144,84281.50801
CL 74_8,305034.3049,334883.3197,156212.8562,133043.4665,346002.6622,292756.6824,393053.2495,218693.8901
CL 76_4,63221.84933,69741.61128,109417.7692,39368.9811,66172.65121,72434.44745,125788.0335,94208.20393
CL 68_2,53887.16754,90078.5997,109080.5474,75124.79039,80394.10559,86269.20336,59624.76842,113261.0459
CL 78_6,105416.9547,81080.45085,70079.39472,48464.51436,47889.30083,74630.20055,123838.3466,76795.28521
CL 72_8,578332.5258,570002.9784,630917.3704,213256.1481,769082.4458,744428.4037,1427173.059,640489.0567
CL 82_2,19704.79656,42737.74017,45936.8909,27463.19196,20741.35311,34832.58302,56674.5875,32223.68971
CL 72_4,37814.18321,54589.97293,17930.52496,4107.450012,34168.49945,61963.52534,62029.93514,17081.68988
CL 78_8,79072.23791,77002.22749,67043.94755,106998.4958,25474.73041,52244.89727,75738.90979,60202.96235
CL 70_4,126314.766,120548.1512,75353.10889,27088.67194,84473.03246,114737.7933,189104.049,54303.50523
CL 74_6,47617.54595,114356.7489,61672.19004,34409.61629,58227.22785,207907.6436,205945.9918,104058.588
CL 68_4,34180.57377,34995.26117,14398.42018,19709.50164,11440.79931,3152.302022,12754.83856,5466.996375
CL 74_10,58921.11204,97994.54815,19981.09816,21899.91975,50310.60581,43786.23262,82478.19618,44311.99042
CL 82_4,57960.94098,46493.20331,47129.03001,22266.71131,25344.32551,18705.69928,13871.95354,68335.50878
CL 80_10,30613.06287,16860.03679,50106.34722,16438.54606,9892.166159,33174.18546,49186.32922,43919.10086
CL 78_0,6972.670506,4743.098425,8047.936659,3588.775491,8880.216304,5628.253139,3082.015892,9565.637491
CL 68_0,20357.65654,20899.15663,22046.57785,16411.29166,15151.0805,15396.28881,16998.68335,27878.58379
CL 74_2,10704.46575,27964.56648,8439.504733,7832.027679,7708.454417,7272.253572,23572.31695,9573.981887
CL 76_12,50352.84471,62311.49263,28321.51773,26616.65805,58535.93223,14961.83192,62244.30349,31639.45263
CL 80_12,265089.9564,322793.1022,299539.066,413063.1537,223775.2284,147930.3131,223149.0413,389897.1986
CL 78_2,163816.0451,135593.2452,245036.6806,136017.3363,239910.0032,248623.5039,225445.7641,166423.7125
CL 76_8,11667.82536,36231.56883,6937.241221,656.477448,43189.82678,55677.14638,66979.68793,21323.30979
CL 72_2,9242.934902,12863.93078,17213.2384,20186.68912,20215.54107,10231.95344,10621.76038,12511.19309
CL 68_6,19030.45922,38328.35162,38807.58986,12507.91119,14554.6105,22780.62777,44557.31296,16624.82299
CL 78_10,8210.898311,5884.563664,9768.560324,18025.50957,16033.98143,37789.67652,33781.80039,22124.16292
CL 82_8,56547.06716,135686.5814,122325.6733,124427.0393,86788.92249,77026.08986,100348.5507,97691.33145
PA 38_4,486893.6856,1422174.582,523132.8393,478057.214,868066.9516,672623.3638,1391539.512,320837.199
PA 40_6,673144.9403,1637778.401,812660.0601,467826.2235,1416942.703,931024.6598,2274793.645,397867.464
PA 35_2,32729.96765,34840.39796,48276.06094,20060.54049,31896.21275,35575.4082,56494.44535,28164.99323
PA 43_4,578063.6389,819975.8898,714222.3574,595702.293,604721.325,489132.4859,555910.132,603081.7448
PA 36_2,336283.1661,1004260.774,694392.7413,298561.3003,742623.3151,536022.5745,1346759.909,169032.5456
PA 39_2,29483.70273,47078.48742,45002.52393,34872.83993,22704.31211,38835.59438,31159.8093,23408.76565
PA 40_4,244970.3154,287425.5955,154131.3848,115218.3159,481730.0048,343155.4339,413143.7226,88770.51606
PA 41_4,50038.09743,23072.71403,45885.87623,29868.3885,11867.96216,45333.16949,72503.41518,16404.71055
PA 34_2,12529.64715,44204.37555,18798.82206,6390.515321,12080.61248,9441.035135,31369.71536,3798.94356
PA 38_2,97933.85167,163021.02,151533.106,58554.06184,296046.8869,279080.2136,336770.2895,49948.49158
PA 42_8,67679.30449,183807.8957,182152.6624,62408.70443,155622.5625,162259.436,167446.2825,101565.3901
PA 39_6,6028.867174,7092.043769,5599.723765,10669.82698,5736.906345,8405.330457,3630.351867,14583.25527
PA 28_4,26608.83066,42662.77715,28494.3998,28607.60343,21151.10086,21396.12512,18021.0566,18928.79245
PA 36_4,9166.90281,43169.45218,14700.10091,12702.87356,13648.7307,17326.34148,13201.71122,2369.561786
PA 38_6,7117.628131,6851.602235,13933.67844,14012.24277,13469.15814,11893.26582,17078.08413,18599.10777
PA 37_2,3123.071055,4711.203027,3792.262544,3582.336539,2278.427417,8164.552854,1394.912366,2750.081162
PA 20_0,10836.41247,11116.82328,1876.513184,4382.808753,9669.466152,6486.091972,6858.306542,6179.007973
PG 34_0,1420965.977,1527603.978,1619084.474,1164854.573,1418062.554,517920.6879,663029.6414,1970881.021
PG 38_6,160868.4351,364915.747,340620.4896,91191.10683,420830.5372,838519.9954,509527.3125,408791.8622
PG 36_4,160884.1832,282873.4321,694472.4032,70815.37777,894886.9931,1686789.703,507141.024,350574.0619
PG 44_12,999226.6943,933703.6774,276539.4501,280056.534,197784.2973,601763.2811,901927.5667,554310.9562
PG 36_2,1093762.908,1337736.447,1793350.482,432250.0139,2091401.487,2540940.307,1676901.282,858598.9812
PG 40_8,694817.656,1038966.563,818719.1804,256568.645,776634.3109,1547752.631,1269588.223,944455.7554
PG 42_10,230672.37,418167.3027,152073.3623,102809.1451,163137.6137,354004.6932,542725.618,391777.3378
PG 40_6,228237.2344,378671.3635,392897.0751,137657.0096,220788.1609,658008.1374,574347.7129,325986.1126
PG 44_10,82275.00927,125082.2868,41536.99959,32324.11053,32598.24537,120462.106,96126.35621,79232.74376
PG 42_8,112432.4853,122887.1968,85490.49786,54697.6577,73135.77179,172338.2431,174106.7343,149670.449
PG 39_4,3544987.878,3890407.896,2070454.954,1887811.234,3061180.316,4062151.521,2354963.807,2822543.601
PG 38_2,21428.80463,24941.09502,33372.38715,11991.09934,61626.55495,83412.96884,21516.16296,30528.4344
PG 38_4,177553.3382,129744.0541,107065.9526,72487.84615,177616.4215,192402.8712,180774.6974,81604.07517
PG 32_0,50359.56377,59616.53138,27525.54585,28818.97493,34072.57954,12278.65905,29881.9641,18438.79162
PG 37_4,37336.30092,50986.0088,28554.86504,47552.92553,51589.53354,41329.03055,111969.5936,85712.65696
PG 32_2,6245.240786,8420.687037,6468.856391,3939.586355,3294.320785,2053.854311,10523.42885,2583.124318
PG 34_2,1504589.241,1416144.872,816180.7408,550630.0083,749434.1381,685351.6738,2342003.787,685591.4029
PG 35_2,18976.47041,20433.22702,18398.23723,10620.11671,37263.31511,27699.33432,84282.67444,21132.30831
PG 44_8,66524.41569,85664.67043,19740.01021,22445.70038,47915.42948,144689.8742,79451.70751,85872.01537
PG 36_6,1646.613082,1326.622342,1895.798355,885.990519,7043.586793,12542.54821,1959.875007,1394.711728
PG 44_2,1793.138095,3206.09926,11873.14328,1405.894665,9343.983151,1916.144866,2419.31877,3960.106978
PG 34_4,2881.517158,2416.402039,12970.44882,3136.12296,9930.005218,9777.727588,5675.509056,3060.574951
PI 36_4,2135061.48,2557155.982,1591484.024,776531.501,2330668.669,1173807.61,1890670.918,863853.9023
PI 40_4,169704.3597,227574.7468,212179.974,173286.0871,88858.90307,58408.61144,84531.4108,92620.13541
PI 34_2,525803.5151,789728.1153,473552.0179,203066.7992,789927.6536,259208.741,915279.635,297574.3959
PI 40_6,391529.6244,498702.2487,486551.3647,727311.1636,539886.51,177454.9821,348795.8125,280465.8676
PI 38_6,200760.1845,242586.2381,125882.0303,62046.99098,167845.3744,53153.17736,264946.5872,48334.10623
PI 39_4,64507.62268,62482.93566,204862.3353,63280.78885,213152.9981,70595.82913,104237.614,64465.84036
PI 36_2,1038109.463,1196674.609,2195745.423,587437.3333,1244587.255,1167305.467,1095471.774,999521.5976
PI 38_4,31938697.55,35151920.63,43662081.97,23192438.68,44726306.64,45940325.58,40607186.97,38747091.19
PS 36_4,694165.9654,1075522.814,591527.0881,359530.1699,545402.2106,345309.3616,927758.4881,303365.0342
PS 38_6,623355.3966,886416.5116,552618.8598,322211.4847,592822.0418,275549.7222,838718.2527,293131.5404
PS 40_4,436960.5682,529245.2989,408685.6735,209961.7508,620529.8243,365156.5283,405713.2003,188955.0526
PS 37_4,85626.84675,82158.06607,98882.33899,133414.4973,35173.2407,68455.18953,178358.6296,68602.47975
PS 38_4,19748796.49,22545202.58,28081327.38,21023589.2,28421965.66,32321208.55,16618515.22,19204279.91
PS 42_6,15939.55671,24324.24823,63051.94094,20414.48273,9584.357079,6352.397607,23517.52053,21325.74421
PS 40_6,3314066.315,4385503.247,5927949.912,2985611.233,6500457.075,2957753.859,4336536.147,3559378.157
PS 34_2,45113.52039,60254.60264,16811.44735,34397.2463,24217.39802,30872.88492,67865.63128,21413.52221
PS 40_8,8973.257963,9275.480317,18808.24096,2812.067402,8810.349463,4091.53365,15677.38074,8048.930724
