Sample,Ctrl_BL6_db._2273,Ctrl_BL6_db._2274,Ctrl_BL6_db._2275,Ctrl_BL6_db._2279,HF_BL6_db._2286,HF_BL6_db._2287,HF_BL6_db._2288,HF_BL6_db._2289
Label,CT,CT,CT,CT,HF,HF,HF,HF
CE 22_6,10006.15854,11187.53808,27087.24618,8934.993797,24649.09177,23275.16165,25383.046,7149.156982
CE 16_2,877.9117948,6327.548505,1691.36558,2000.996571,1713.084195,872.5836308,4374.255824,235.5628189
CE 18_2,77465.72911,94492.26419,131766.078,33126.76731,291856.4218,148556.1729,153308.9515,100624.1938
CE 16_0,20298.27692,20966.67895,30806.72136,22402.6306,19512.99384,19758.16387,25996.51896,17000.89587
DG 38_4,3843258.905,3027925.507,2389652.474,4807768.797,4715436.868,3814050.11,3782002.023,5569726.777
DG 40_6,2332220.59,1297147.511,612127.5264,1971496.156,565824.0629,580487.9696,1635724.854,2197460.429
DG 34_2,20445855.17,43191315.13,29312048.03,42353328.03,17045111.34,19111461,23358646.1,29744643.38
DG 37_4,100655.5888,44422.15866,52332.01587,85381.31835,94563.18358,69033.57783,91161.11089,82235.90334
DG 40_8,1438710.583,797901.0412,393201.7559,924530.2888,1019093.003,955968.2811,2049593.788,2811558.843
DG 32_2,444455.5014,905039.7849,619358.0551,980370.2481,130249.3673,188328.8879,295178.7373,766697.4505
DG 32_0,397147.5275,335076.7084,661746.9317,1074635.753,370235.8908,486487.3753,458984.0239,710988.2229
DG 38_2,1489834.496,1693872.961,634640.0082,4055056.426,958915.0685,870269.2965,1173769.296,1262477.056
DG 34_4,102143.7662,169758.9953,75808.246,102253.9408,41376.14411,80933.41739,145506.1897,195026.403
DG 36_4,11832405.4,9124295.352,6304229.239,9618085.788,12466148.25,12282827.21,17565711.39,22569332.21
DG 35_2,490774.1816,512397.3494,313911.2266,1246640.163,297454.6101,392814.7003,464153.5744,1211871.054
DG 42_8,306494.6401,235127.5751,132639.1198,283076.8517,235771.5188,198710.8731,287257.4941,464510.9047
DG 38_6,8535224.353,6654209.469,6907865.628,12480283.33,4928630.313,5253793.839,8045026.94,14022062.21
DG 36_2,18368095.49,31335385.04,28771816.57,43043157.82,11531023.28,14020028.06,18669933.97,24355616.47
DG 40_4,143016.5832,112155.7164,84745.74018,336605.0814,166230.0404,137285.1469,138687.5169,172715.1775
DG 34_0,109343.0442,48094.80451,107698.7545,271321.494,196748.5238,189003.1409,153722.415,211044.697
DG 33_2,283994.1425,263562.7615,111800.965,429253.354,259048.4103,258754.2186,298921.0314,594792.9906
DG 42_10,190586.4671,70918.06507,69638.56118,126815.7045,65607.79262,82678.74205,127936.2038,190736.8598
DG 42_6,146001.4776,112047.9549,58665.24431,345544.5431,71214.88396,45373.5845,89584.31692,106541.9504
DG 44_10,114503.5839,96204.24541,61500.32106,87193.46839,109521.2053,100812.5912,104656.5773,118440.1294
DG 26_2,43431.86654,11053.60172,8385.957211,11863.63765,8568.547767,3749.587636,23016.09444,3358.732948
DG 30_0,61187.97845,68302.04444,92412.81255,249288.6284,22835.50215,44961.05438,27309.09745,131654.6075
DG 37_2,102905.645,148990.7502,113227.7429,315740.8697,65472.19742,72670.16827,74063.25727,131884.821
DG 39_4,18109.11,42097.2466,36249.19487,235521.3901,11002.35187,64713.09347,12633.62111,60359.3943
DG 40_2,131428.6884,152357.8762,52916.60413,376993.7648,118943.3069,126231.1021,117333.1382,229584.2636
DG 36_6,107539.8878,42767.92002,22673.78973,58571.75446,62662.05823,102544.577,142425.9399,181360.4985
DG 42_2,32979.65609,26048.24214,26513.04492,33578.00497,30627.20117,23493.04843,21111.0071,13912.44369
DG 36_0,23560.82107,18661.69737,19366.67177,100240.2593,43985.09355,58373.09519,38303.11641,74276.51716
DG 38_0,21905.66889,17689.72108,2462.941161,24942.04952,19697.87072,18697.43538,10195.81883,17203.6536
DG 33_0,9173.217566,16672.73089,12114.30423,40617.20672,10012.59916,15326.46071,15134.42571,18854.24969
DG 39_6,52252.52711,46987.12832,3909.356767,22392.62771,26789.86335,12280.73317,9488.925493,2571.676288
DG 32_6,15213.28756,9899.184524,3589.492637,2812.113847,4315.87623,12749.10231,13800.17986,1497.817216
DG 30_2,24393.86816,21273.16824,13581.19356,11049.1253,14907.10493,9616.182067,38153.68219,9519.553033
DG 37_6,14182.10929,28775.0351,12830.74165,22751.91659,21364.63349,21601.51874,33937.89663,370744.1154
DG 44_6,11340.05587,6871.610459,6115.933834,8560.477727,3410.608215,8619.785284,11296.20505,7976.089997
DG 28_2,30143.11306,8812.887433,14180.33245,8696.544534,4622.534848,8756.343161,18946.23224,9829.962057
DG 39_2,66562.3749,108136.5788,29616.34599,110707.1322,54930.49889,26516.00459,54525.68489,44675.66475
DG 44_8,16325.96341,18212.45301,4618.280345,13573.97961,8333.304731,12561.81672,19003.96704,16716.2536
DG 35_4,27001.62766,13163.53286,6546.611635,13693.39723,26279.15448,39736.66992,41385.81072,121895.4142
lysoPC 20_4,11306684.27,7655802.229,5092986.664,10116973.94,6725323.859,6942095.759,5405103.057,5681601.837
lysoPC 18_2,9196401.891,8577295.213,3073958.73,6376125.085,6294919.771,6492785.13,7720262.991,3908161.705
lysoPC 22_6,7240597.034,4664449.075,2071850.43,5615681.629,3009495.379,3890488.568,4012193.327,2792193.063
lysoPC 19_0,221858.6022,327521.2575,87163.75745,175438.2697,628452.153,421860.5207,236888.6216,103984.4865
lysoPC 20_0,338461.0668,354641.2085,66451.81103,180849.6868,1116976.708,837146.0694,651325.2793,149828.5176
lysoPC 16_0,26489931.76,29786177.71,18155041.17,28642914.98,24793998.78,26668093.01,22069334.72,17602936.26
lysoPC 18_0,24981708.19,21495633.26,18843539.34,32374183.75,29692088.64,38152405.79,22109631.27,21880986.94
lysoPC 24_0,167270.9667,195102.4094,63232.51925,114040.3749,206761.0715,105777.0447,79536.96539,49318.84631
lysoPC 20_2,219126.0582,230932.312,72000.91828,194212.642,230465.5893,171702.4359,134569.1299,81703.00707
lysoPC 14_0,57264.23541,52886.80206,15527.84085,35516.27773,29555.69439,27042.87609,23442.26366,8635.652549
lysoPC 21_0,7351.670676,17947.99984,7077.711543,5263.966327,17214.25821,16790.37732,12233.81819,5745.621361
lysoPC 22_0,96509.3108,104654.9434,41445.25703,54544.59028,120285.136,106076.2503,86635.51392,44364.40152
lysoPC 22_4,99822.77386,88290.92656,44282.97564,92618.88104,69922.3766,82323.61488,64146.40434,67043.00572
lysoPC 23_0,13000.40769,35090.2158,28877.07744,100846.0409,19978.00574,49134.84864,7492.53081,11742.53504
lysoPC 15_0,39265.30987,47645.59467,13246.58136,18995.70729,59873.04563,50043.7132,54662.61458,11365.21608
lysoPC 24_4,5526.039946,3207.724045,2596.237592,2503.804954,4963.480659,2336.517756,4165.311732,981.458511
lysoPE 16_0,837429.7908,1089927.982,1429102.807,1082705.105,874659.3389,1367341.672,963261.6418,818374.3243
lysoPE 20_4,2307172.253,1210051.069,1170526.643,1426148.158,1136177.101,1208934.317,1183636.39,930875.2449
lysoPE 22_6,894824.4794,684802.8502,886121.6049,499777.9091,469801.8327,548065.0733,605500.7997,405185.7032
lysoPE 18_0,194693.1847,86659.32653,144982.0659,153808.7545,111004.0624,125236.9388,134811.9754,70867.01443
lysoPE 18_2,168315.4014,166014.9838,143687.3731,71957.61985,246888.4537,218774.5153,280325.3525,79780.01086
lysoPE 20_0,18429.98954,27210.44913,10784.77627,17104.03437,37337.17156,92153.32151,43824.17224,28699.95411
lysoPE 17_0,21422.43063,17693.60143,20049.92658,16603.68525,49021.70397,72085.8758,21388.80301,11231.07035
lysoPE 19_0,10873.97614,15935.23134,21607.29892,16061.91293,22536.17295,27420.86904,22676.70191,10867.77332
lysoPE 22_4,19371.50484,18703.13624,19558.17459,16745.45293,30480.15654,14956.78099,13077.46046,11393.72743
lysoPE 20_2,20682.00975,11436.77746,6448.956171,7703.459218,23259.03005,14822.46428,16753.04986,5899.233767
lysoPE 22_0,2304.577381,3773.336961,5427.05086,2795.318666,2556.565647,5279.179434,3704.842466,4656.065802
MG 16_0,37856.77155,39378.04357,26864.08783,51777.04046,29498.79427,39877.15671,43928.39319,27655.66037
MG 18_2,108121.031,61095.50368,59898.3064,79419.99279,100270.3627,76508.65298,116766.4093,50952.43793
MG 17_0,72421.84176,61547.55675,72551.92167,75288.86021,61635.20021,68196.07908,51135.66851,68280.43614
MG 20_4,74428.48099,51624.12464,45744.2014,66425.67798,87391.1005,70583.11782,82814.37945,28721.93067
MG 18_0,8424.696867,10779.20145,7576.611332,13195.75804,11189.98231,11508.80925,17651.60623,9330.741052
MG 18_4,11464.59392,12992.47396,2774.678777,12072.51521,16701.97664,17362.95887,9408.239756,7684.094841
MG 22_4,3099.902039,6816.230802,3246.921937,7297.390282,9189.065435,7372.368381,6040.190028,3897.758662
MG 20_2,4199.739464,3395.046633,2565.42295,5625.265274,6406.967206,2896.93916,5213.102101,2755.066837
PC 35_4,576750.1593,921996.4151,442284.0132,428622.7232,769138.6923,837592.2543,606423.2028,626772.0569
PC 40_8,16636607.12,12243175.73,3767441.283,14826736.92,17204697.55,14045894.6,11764035.77,9541119.19
PC 34_4,5687827.613,8416108.44,1247009.161,3146732.357,6043668.293,3425741.987,3769369.165,1786334.71
PC 35_2,1671732.426,2778889.327,1249421.12,1525807.726,3092308.532,3179095.171,4390629.956,3648098.581
PC 38_2,8590262.895,14953851.23,4257126.196,11962481.59,19093783.51,16543738.97,13672405.25,11903613.24
PC 37_4,1632499.085,2096541.04,1647574.323,1641305.121,3086600.088,3421573.998,2997650.127,5136270.935
PC 40_2,414118.8144,588495.8094,265493.65,553721.8703,598658.8568,565819.9709,482388.12,527311.9756
PC 33_2,1089534.924,1957419.549,687072.8764,892116.3799,1380434.191,1604398.184,1664763.416,1764205.167
PC 32_0,20411243.56,22349057.93,20893653.7,21245098.59,18862187.76,21762398.17,18090625.94,28044567.39
PC 44_12,322541.4335,276760.8114,108393.5506,226136.2937,279118.9621,162715.5833,165767.972,88983.23461
PC 39_4,1116055.869,2018528.17,1306216.544,928047.0817,2601482.499,2314760.991,1741456.922,2695911.423
PC 39_6,575835.4319,557892.7075,309933.9359,522529.8954,958061.468,1076822.795,1169644.298,1363385.017
PC 36_6,3709065.949,6386483.895,928820.8013,3952895.418,2410228.421,1929976.164,1288366.989,1738725.685
PC 32_2,6041725.479,16473828.89,2795895.61,6403512.564,4692390.166,3757092.687,4566134.452,2907735.838
PC 42_8,106262.8233,140479.8767,54841.32196,108059.6653,211967.1701,149641.2571,84496.37803,79638.91553
PC 37_6,629283.3398,871726.2275,179099.5063,550940.477,862891.342,772575.5097,638936.6046,761186.2862
PC 42_2,116679.5702,166616.061,79247.48875,131773.5409,145450.0074,139243.4634,88233.12403,112717.9663
PC 36_2,38660045.36,61017543.76,32629936.69,33579186.76,49344963.04,38882890.56,46819883.39,28102103.39
PC 37_2,1129955.142,3508322.27,974269.0816,949857.4987,3214473.976,2240938.987,3107393.838,1685045.061
PC 42_10,3802396.921,4211523.187,690027.7745,3580542.292,6510259.615,3338896.938,3098987.162,1259214.668
PC 36_0,363709.9923,175032.4741,69536.04481,192602.2541,462676.4832,287323.1398,186985.3844,154711.4806
PC 41_6,187080.3906,336085.2173,118051.6105,135451.7057,602750.3939,400337.9292,318222.8725,189706.3027
PC 38_8,414444.7612,779602.1428,72204.51269,340235.0438,562997.3612,346028.9285,304795.3742,252937.6406
PC 40_6,13024462.38,15635351.63,14050316.29,16288372.56,16799437.08,18907753.64,16914926.95,25343482.43
PC 42_6,461363.9381,804694.8242,243366.6669,562970.6263,982726.5294,945841.1728,938737.1176,713465.5745
PC 35_0,169177.6242,285480.1308,71659.83639,163029.8466,271897.5626,185218.8711,206416.1696,149912.4004
PC 40_10,108058.3568,150039.5328,78791.33918,117216.5163,117364.7419,97050.49388,118505.0156,131448.1436
PC 44_4,102551.1542,109890.1127,86820.18524,145084.2944,113878.4723,92122.29563,48038.68533,117314.1678
PC 28_0,47702.56497,77102.87808,40138.90012,38833.57765,31107.27312,22837.69989,28078.82712,8777.101889
PC 30_2,258110.7398,169261.1135,31518.39491,48964.35539,80793.98384,82570.34101,102463.5714,17647.57547
PC 31_0,45054.67026,55069.81781,36596.5279,31172.69572,40273.91977,30761.32317,31807.31094,19626.09421
PC 42_4,117202.9188,120908.6618,99066.87173,165525.8621,201917.6518,237840.4041,122208.5043,230190.2601
PC 39_8,35951.7193,60511.12929,11861.17441,40793.46243,57623.36299,47924.69487,27457.34582,41253.74222
PC 37_0,115008.2877,88764.14796,23010.03932,91589.85717,139290.6992,85485.5623,79915.21199,36848.34283
PC 40_4,31766.07196,39381.13918,16596.90882,40516.94967,70669.81163,62148.64007,34510.67606,52569.18581
PC 39_2,59411.05954,154608.4339,39655.9888,72513.37059,119791.8199,82679.62802,78145.6217,74453.52756
PC 36_4,144724.8217,206966.7798,14346.94225,57808.9131,248983.3877,137352.9678,252518.9198,42508.41596
PC 18_0,11049.31747,51427.07388,14045.0357,32755.16018,39357.7451,19860.85834,9848.826266,16258.85659
PC 38_6,52208.10523,68597.9797,94328.93466,89627.7194,18024.87896,26846.51813,76581.80497,139297.5589
PC 38_0,23787.47641,41243.8465,16268.96211,33920.19301,87208.19936,78779.13752,48458.68638,33774.12738
PC 33_4,26051.30533,31548.11916,8166.240967,18678.923,33949.17822,8049.758075,14822.91444,8654.165618
PC 32_4,146419.8205,80301.48635,10336.24581,36524.50874,67710.31912,38192.64985,32686.04718,7332.630698
PC 20_2,16415.48076,64321.46191,9659.310557,48250.99939,66320.7398,17821.76631,23147.69002,11718.98555
PC 19_2,16978.27175,11060.54048,5451.619996,10034.7294,12063.06409,7287.861213,8638.802948,4389.165026
PC 33_0,108743.7272,147778.8952,56511.03213,99216.27772,92520.75295,125333.3885,131375.1541,154769.7677
PC 40_0,42705.75037,123011.8824,82790.35867,280473.8271,50238.34159,85713.31859,23326.28751,85596.07248
PC 44_6,27666.70102,73003.48082,149204.0617,221641.6237,43332.54568,150670.452,24167.15347,67628.74279
PC 38_4,21062.81178,44454.39428,30368.96132,17513.02903,22183.79441,28253.47055,22710.14756,40620.33996
PC 43_6,15039.60634,35110.19228,3294.985402,5394.49689,33441.06726,25729.36636,29132.56162,24995.56074
PC 28_2,9476.145481,5027.252935,4093.918812,17932.85431,3236.615719,4298.185407,2898.645254,1691.130154
PC 39_0,19812.56242,16408.10001,5862.265638,26310.16516,25455.85708,29542.72459,14494.58655,32292.97702
PC 17_0,5159.972962,2065.138161,660.040542,532.2470935,3193.704363,2134.793429,11976.49825,268.4094543
PC 31_2,47126.10248,89934.05873,10882.07759,26774.84431,50473.53492,18945.69672,19737.78356,6870.437932
PC 41_4,57930.14552,89654.94655,17448.45018,45259.68643,96009.87603,52778.12263,52903.30732,46122.41823
PC 31_4,66960.71538,178939.0058,58881.52047,62326.33797,83909.10657,53263.43726,33939.7603,29696.42368
PC 24_6,4922.614318,13309.79421,6030.813624,9026.230127,16874.8372,6472.997431,9493.671161,2354.923887
PC 29_0,19274.89922,14842.03384,10154.71554,9189.308911,22386.75083,10326.71445,16623.28751,6414.599117
PC 30_4,5189.048987,5030.571746,7328.642317,8069.009625,2058.910905,3990.190918,1107.802783,2447.819418
PC 30_0,16509.70314,21469.19308,5886.370362,12408.86557,16980.7532,17562.09865,18951.3538,16372.44051
PC 19_0,29521.1984,18561.63294,6124.767934,22542.35033,20529.65914,20173.14965,20263.0962,8357.569747
PC 7_0,9641.29031,5956.118593,2818.175062,1780.899245,7198.565071,7704.89846,14693.4893,3755.975972
PC 12_0,4039.38266,3053.750247,1456.967247,2684.393268,10835.53869,5252.802716,8058.025724,4416.776869
PC 45_4,7818.195433,6319.53344,9274.25433,4552.988536,12466.63762,24298.3285,14193.58985,20528.92468
PC 22_4,7597.921832,32536.18385,12112.30511,40079.99902,33130.64957,10735.05485,5184.793189,11225.90943
PC 21_4,4567.415264,10441.67557,15555.38329,16741.62564,3206.272182,3656.863174,842.134293,4768.569426
PC 26_0,9798.972309,3614.625516,925.8533616,4995.843253,3565.261356,3688.427612,1999.670703,1382.614243
plasmenyl-PC 18_0,1167776.323,611550.804,579190.3455,906746.2143,532865.4769,445126.7857,456486.9717,227324.0183
plasmenyl-PC 20_0,215306.7842,132427.7536,43727.3338,109664.1797,82292.38308,43563.83045,73479.76128,21752.13183
plasmenyl-PC 40_4,7950.937394,7339.246891,10821.90505,4918.730301,3388.973776,4275.04761,6689.73385,6938.802797
plasmenyl-PC 36_4,32120.1472,15016.67954,6446.214372,18976.95453,31198.98369,8094.758727,32264.97847,15708.55926
PE 36_0,2950502.691,2812657.295,4371381.151,2472863.247,5044297.969,5399997.1,4831183.806,4502352.22
PE 39_6,207427.856,262900.7479,242221.3911,158566.7543,414817.5761,516932.7275,462769.4766,590307.6497
PE 34_2,1654014.574,2837769.447,3267901.979,1360036.685,2400897.004,3679819.754,4753007.818,3095546.421
PE 39_4,746101.1094,1319874.985,370571.2046,427543.1394,1236847.605,1127122.897,1192446.014,807930.2767
PE 40_4,2251760.125,2724345.714,931403.3316,1539761.526,4068880.414,3762456.14,3105052.212,2227139.883
PE 36_6,168283.8689,444548.9603,149134.3329,178172.6128,149743.6995,150297.1223,120784.5292,132628.361
PE 38_2,985450.0581,1116099.52,858700.7208,723202.6576,1753294.261,1676523.69,1537572.369,1051292.586
PE 36_2,2231304.83,3683654.822,3759961.907,1588285.725,7190343.906,5377166.02,4531314.102,2521572.083
PE 40_8,905363.9508,819489.6422,863086.2926,827511.7316,1093365.28,1050072.783,1024264.304,1163958.547
PE 36_4,7771904.134,11652940.94,8731007.042,7499681.556,9677994.231,9140681.127,8868546.257,5444926.872
PE 38_4,16315.95363,8181.039471,5897.548708,13676.23026,38792.24679,34475.83777,7924.164084,11232.10033
PE 40_6,3255316.394,3545673.845,5838497.416,2476882.234,5124508.729,5551915.381,4850214.766,2955963.353
PE 37_6,85389.99762,160282.4482,111553.8868,73299.62354,130318.0411,186384.59,155645.2372,212196.3315
PE 32_2,48205.05554,146602.1259,66526.83207,38136.28109,45862.16387,34229.65445,47294.98543,14811.58642
PE 37_4,200034.0792,241050.3114,172907.024,121203.8896,411305.112,390305.7494,400701.4026,359256.7624
PE 42_6,162720.0493,210499.0072,109691.9235,93773.25468,331065.137,454648.1733,387113.4353,243075.5654
PE 37_2,108962.0043,186052.92,104943.5385,177022.0542,264739.7287,279022.8856,310404.4327,284901.6318
PE 41_6,152771.7086,184857.9437,252438.3135,70576.35881,163240.7088,219970.5569,290569.3222,143362.8084
PE 34_4,19212.55743,22007.28096,2670.319536,20362.13177,36927.04102,18283.97201,29297.66486,12285.56398
PE 40_2,209511.8315,286064.384,67600.00415,234478.4139,363532.0596,268081.5355,198442.5323,273438.6437
PE 42_8,36370.04315,73008.08357,42449.56732,39328.67269,67775.29988,55514.74446,53095.78754,52272.0231
PE 42_10,169207.2551,203536.4329,162972.4949,140592.0689,179049.8654,204574.5292,148556.7229,232577.0993
PE 21_4,28729.63866,25478.30295,17031.19,11596.02153,25639.54958,16907.00414,16377.06212,6197.824617
PE 32_0,26961.218,26987.44771,22995.2587,15153.4799,26360.45427,23860.65493,21102.52985,14586.19598
PE 44_12,158646.8525,165753.088,93459.25705,163096.0915,170462.5733,162323.5413,130699.5874,183100.2549
PE 35_4,7164.777595,19805.7328,18837.76384,10627.88476,17795.8256,12749.73225,21978.67907,30051.44578
PE 34_6,716.9200736,5579.079819,4113.310654,6849.825061,2337.050513,5951.593176,1058.741898,2417.568489
plasmenyl-PE 40_6,865245.366,877258.4527,457687.0745,503964.4764,1196896.701,838223.1532,1012475.221,677569.0771
plasmenyl-PE 38_6,551636.8606,692422.8089,647712.0521,643281.5143,647985.2774,647279.323,647632.9976,1024499.584
plasmenyl-PE 38_4,2614453.441,3021126.812,1594920.385,2137410.958,4528898.391,3083691.651,2797067.212,2663526.967
plasmenyl-PE 36_2,251925.8975,228417.3465,226500.1208,210048.7872,247252.3894,184549.6973,222617.9872,165162.9593
plasmenyl-PE 40_4,678459.934,750207.5531,522856.4608,935480.3494,799102.3334,762343.4395,718989.8413,1103678.351
plasmenyl-PE 36_4,520673.0944,634813.6425,643304.2293,558733.973,615937.4665,609257.8607,575624.5293,954553.0992
plasmenyl-PE 38_2,114654.6008,215152.1021,122290.0134,132036.2356,105120.7128,62988.67124,67067.89613,59783.38504
plasmenyl-PE 42_6,152884.4134,113734.1813,46407.05454,55044.57083,170285.3006,70177.22413,150071.9234,83269.15693
plasmenyl-PE 34_2,19703.96329,28596.03295,46102.20362,22703.14648,20618.48915,12076.13838,35053.83503,32971.12037
plasmenyl-PE 18_0,86746.67436,45123.38996,43421.8433,46985.39368,67231.8393,77421.06091,46107.17062,27192.08684
plasmenyl-PE 42_4,73197.41462,50084.3269,57818.94176,30889.32019,134331.177,62986.92346,78773.28376,36620.96429
SM 40_2,3420746.418,5448365.512,1201248.249,2198478.504,3904615.535,3311247.233,4342365.738,2489033.583
SM 41_2,2577671.281,3968458.99,2459169.718,2075774.643,2549075.048,2062632.899,1897262.539,1865295.338
SM 42_2,20201817.91,24599465.29,32376018.23,20470196.03,12751581.3,9460693.395,8978379.774,14528982.12
SM 36_2,126173.5656,116932.518,284106.893,113061.5813,294029.9741,235445.1451,206849.9425,188343.8155
SM 43_2,245125.2696,272129.347,342297.7338,130245.8988,241494.6904,163924.8485,188789.7611,92030.60288
SM 34_2,1565071.092,1257773.226,1274722.433,1063240.161,1806515.126,1137314.836,1126494.957,608365.0773
SM 34_0,323397.4113,605284.7277,857664.0393,497046.2803,449069.6598,583902.7537,508892.1865,473342.4197
SM 38_0,258323.12,284448.8145,112345.5616,219793.9608,450533.7001,395797.7571,358244.3986,242632.7486
SM 40_0,1284090.232,1425173.4,509107.463,1132313.235,2417664.594,2440126.52,2368640.584,1348582.939
SM 36_0,90259.54561,92168.04029,94084.39533,65845.65188,127182.1101,130452.0695,133339.5938,171139.5711
SM 38_2,41729.8305,64091.78193,27896.397,19198.32993,86511.23454,53897.50934,94941.10721,49441.34332
SM 21_0,152274.0723,129960.4098,63555.26188,146597.242,81175.91948,64499.9242,56606.41604,23736.96878
SM 39_2,43113.49029,75207.4826,11456.45633,23854.62647,39715.42783,32486.15069,45512.51958,22393.60857
SM 42_4,151919.9939,156907.0048,54029.0771,103862.8995,216370.3035,199896.802,301412.9,142766.7572
SM 33_0,36450.33101,33634.9913,16947.78786,24006.49908,110278.0343,46500.29684,52115.63255,13920.26334
SM 32_0,17083.35879,33995.57012,40120.53668,111317.0046,20385.15402,37355.3217,4689.617707,8055.047166
SM 32_2,13867.79141,23329.56105,11853.66205,20251.36297,44775.12759,28864.08516,19338.37626,20279.56276
SM 42_0,14867.23013,15895.87036,15163.7678,7245.546707,21542.22955,13334.38078,6942.361897,9260.591848
SM 44_2,41541.12718,44647.7888,51783.76574,53036.29176,48017.46218,35032.23705,29470.24344,22180.25332
SM 41_0,27608.47721,72631.29438,57204.59719,53843.25127,50516.57586,45304.26779,33149.04359,27565.41881
SM 37_2,4156.710416,8963.74787,2017.488772,3573.548599,8673.865658,7265.621227,9272.49982,2649.014107
SM 35_2,4781.95,3949.530692,624.7365189,2975.709469,1567.563589,3030.569361,1644.115644,2611.511065
SM 38_4,2225.415099,3824.370429,2724.870446,1902.695927,1482.3598,2811.758052,2071.522004,3323.685985
TG 54_6,13313356.99,12323376.58,15389641.07,8192224.701,23929433.45,25862932.94,23822812.06,24504664.18
TG 56_6,6947841.414,4386018.978,3803012.611,3216179.015,11078636.74,8883126.899,6926718.96,8106869.071
TG 50_4,375377.0013,526961.4232,651810.7926,593286.3252,274939.4883,389806.2003,286009.1394,641644.1013
TG 50_2,299893.6325,477749.2216,586683.7195,729005.6357,144341.8995,153116.6358,154586.6472,77252.66902
TG 46_2,1416444.505,2890717.92,3344773.226,3883790.387,474659.6358,688862.0707,623824.561,699053.0759
TG 62_12,136532.4936,79142.07445,88052.68527,77631.00535,179425.39,184792.4849,115240.0747,248246.0755
TG 64_16,10340.16612,2123.73286,2439.336381,4522.514053,20074.95542,28723.24916,4614.495121,52656.51568
TG 52_4,28263618.3,31826832.98,33017787.88,28469820.55,32721070.89,34216559.19,35181233.53,42278267.59
TG 56_8,10848996.15,7128278.211,5852509.051,5454465.615,17622070.75,23221493.8,15887969.99,27353301.48
TG 51_2,1263183.781,2196447.205,1662904.467,2583066.752,1417624.197,1536032.929,1752773.726,976339.6859
TG 62_8,135532.9769,83003.517,37044.69101,41630.74394,141929.11,101005.235,88620.20487,83890.01102
TG 60_10,462258.8571,254314.5139,259106.212,225055.8407,733773.4989,648585.8544,423760.6856,771346.3574
TG 53_4,511402.8427,693280.4477,298955.7749,288053.4914,1262206.23,908939.6681,739618.9754,447118.7111
TG 58_10,2064052.269,1332219.636,857378.0586,956585.0387,4893841.194,4559065.333,2856288.094,5487093.457
TG 60_8,524430.9654,451697.4126,211168.3255,218501.3447,710936.6278,300251.1739,371235.0078,213278.8397
TG 58_8,3450605.225,1923777.135,1632361.779,1538215.277,4118210.403,3149936.936,2556709.41,2963627.899
TG 42_0,47874.4781,34993.16473,35326.99009,49443.85215,15358.68101,14619.0276,11679.73434,5583.999669
TG 60_12,713684.0832,506225.3014,304275.7827,263131.2264,1496717.193,1432236.843,887381.0546,1838183.904
TG 49_2,226625.0203,715490.7674,488469.2234,942059.7797,129038.1512,156007.6665,137948.7278,175719.807
TG 51_4,451709.6434,792617.3081,307526.8804,439248.9767,871744.2391,889967.1639,527171.5751,495517.0455
TG 52_6,5422173.231,7448158.617,8046183.079,3918855.149,8550530.552,19244008.93,7688161.179,23931823.51
TG 49_0,26630.97814,41707.00168,20953.81385,33053.26721,21235.9686,10185.60394,34644.92471,15973.1078
TG 42_2,1180460.103,442495.6526,244873.3628,517148.0531,107736.8505,206950.7011,348956.1014,206495.7301
TG 50_0,718114.8662,1277690.268,867945.5754,1144656.68,908833.3174,863466.8342,1248717.89,922982.8285
TG 55_6,96931.53269,121693.8291,53272.43052,64695.23648,235077.5235,172797.5861,200565.6763,124354.0748
TG 48_0,286153.8532,513203.3321,242127.4346,562142.6025,144676.8635,118183.7295,145597.3728,154187.969
TG 54_8,1746156.632,2008537.11,1669887.39,705010.488,2648069.52,5536347.743,1922604.26,12152831.94
TG 51_6,619060.5981,956216.6185,432542.1571,649551.3469,899021.7109,555981.1546,512185.2975,1176223.791
TG 55_8,57227.88113,49792.69971,44959.02449,28451.10639,148974.1819,247548.6574,130946.3665,329061.9016
TG 57_6,93653.42115,111905.3521,37418.31277,63963.13764,191371.3803,98954.21037,105179.4029,81060.69058
TG 55_4,199262.2629,384016.6771,108520.3655,102355.6084,420704.5754,240361.8445,191571.6813,107157.6918
TG 48_2,4362681.619,12755870.06,14653290.88,17421459.83,1311361.491,1438598.978,1583180.84,1543794.673
TG 58_12,53351.46307,70558.17516,31597.75913,24085.79554,177158.1485,229337.0149,97450.78547,328583.7637
TG 58_6,2453946.5,2018967.402,600835.5773,1360633.738,4024797.061,2196877.459,2082807.18,2091695.845
TG 46_0,94450.56496,232782.6204,206145.6226,410148.3303,38889.71125,40026.31232,43683.50606,21147.12012
TG 49_4,199527.5798,255309.6267,307326.678,217903.6809,186726.3284,308434.1678,167878.1776,280202.7399
TG 62_10,63881.82358,40493.49725,21244.8762,17729.62118,119763.0473,61078.23623,69961.10683,39031.58533
TG 56_10,362547.9507,356991.8892,281237.5704,109368.9647,646285.8849,1483317.809,444983.1076,3331151.967
TG 52_0,1035637.384,1419185.983,703658.4714,2040382.017,2253906.241,1338595.03,1515861.708,1833408.417
TG 56_4,7827270.282,7897671.482,6183288.546,7102940.867,11199893.24,7771550.504,7009701.79,6263966.111
TG 52_2,45066.78723,117849.7918,91225.27582,221003.1199,84786.19392,99494.65847,48476.03148,353605.4998
TG 62_14,86890.98237,46228.3842,38239.9458,24382.4484,219843.5184,283103.6213,112271.5195,543943.2164
TG 64_14,16931.25255,9217.366406,3692.584075,6869.853929,33844.86872,22396.75932,7325.343094,33096.47816
TG 61_6,12751.44276,8015.120252,12960.04355,5588.041006,17633.82134,29442.14966,9625.050066,24609.59592
TG 57_4,122348.8898,147449.4864,99152.0275,51112.32589,194801.5649,122062.7397,128401.2159,106709.8045
TG 44_2,621713.1228,762173.876,490273.2665,435955.3642,259714.6188,474003.1834,592773.0038,366092.0311
TG 60_6,531401.0403,414278.6338,171510.4063,143003.3995,875152.9713,481021.7249,481917.3927,454097.6032
TG 54_0,70266.16071,309068.0649,236102.1948,743197.4621,83856.66364,275251.5527,66420.16826,305194.1751
TG 58_4,186979.0353,527436.9463,601607.0968,982094.7141,265648.9887,437961.8302,129584.3954,468731.0542
TG 58_2,1819261.841,3271918.321,1404230.931,2907997.371,2153681.722,2273343.989,1004160.358,7197652.866
TG 60_4,490081.7525,541105.0432,666565.9525,428651.6739,510536.7835,510614.7938,267781.0077,1601224.657
TG 57_8,44789.37773,34428.15745,15039.14938,16176.01232,114624.8703,79319.45935,103296.2862,71441.38745
TG 53_2,4142924.72,8877132.163,2452751.03,6187997.529,6943996.418,4542742.706,4233138.724,3173981.452
TG 64_12,18795.75379,11762.39057,4539.064373,5821.348919,35255.93965,10824.68104,10942.44917,10927.26136
TG 53_0,60769.17873,112625.875,35576.48913,139239.0957,148031.456,141892.7247,79664.43843,202131.3357
TG 56_2,8778298.448,13844353.39,6016556.818,20222725.59,9359639.441,12726416.56,4651383.982,29873311.98
TG 40_0,30339.89783,12042.15339,12521.74703,23390.98284,9558.362684,4691.490755,12316.22033,2777.128384
TG 58_0,36536.98377,82228.0811,35566.11957,70320.65242,42231.10809,69805.90804,20686.34466,246427.1744
TG 60_14,3937.950967,6019.580765,3755.110328,2369.290575,20042.87828,17838.19899,5330.798571,72942.93015
TG 55_2,762819.2781,1833826.896,513670.8739,1141700.483,1666559.166,1009200.475,537388.0526,974320.342
TG 56_0,126289.4139,239553.4012,45144.34594,328347.6243,247955.9564,268789.9202,141480.9618,841357.7289
TG 57_2,346885.7,807827.8481,299594.8519,611307.2694,521571.5971,522719.6188,261688.6702,1385046.148
TG 60_2,480400.2107,706711.559,547892.7262,466075.5477,455714.4406,531975.2583,198287.191,1482083.86
TG 59_4,28530.59213,84594.88134,162964.697,118044.45,58543.86894,132488.6011,15626.73172,191717.1066
TG 62_4,78409.26906,108040.1365,95799.8632,32468.9594,86518.3967,74401.47542,48838.83257,339250.7296
TG 55_0,41603.94763,193272.6581,24156.65646,115305.8847,129544.5588,43830.93428,61015.38741,136827.6222
TG 64_6,27612.51872,20874.26831,17731.92174,17184.26023,43258.92493,41148.96031,14350.52854,103377.7801
TG 64_2,15265.01341,41911.50112,5260.238573,17791.32429,20193.30965,21988.84812,12631.62235,43796.66494
CerP 34_2,1316.573808,3429.965926,2602.725802,3068.0145,2948.019737,1998.664737,1826.106986,3476.860895
CL 72_6,401550.9189,570298.9189,429067.0337,311558.1103,330040.0791,300756.3659,275551.4983,267663.2259
CL 70_6,66313.86181,89239.97034,28725.14608,46475.57158,77938.77391,41204.38743,53030.91389,32403.07549
CL 74_8,216084.9159,279450.228,130420.1941,169068.8765,309305.6375,232703.5928,258929.3747,216516.8918
CL 76_4,104542.7186,93845.99555,45593.43967,60651.08994,153023.6,84274.57004,86498.415,73063.23421
CL 68_2,162897.0528,97680.67807,118967.5773,162450.6331,48732.29848,79819.92768,73727.94329,134946.89
CL 78_6,162562.1031,138545.6994,77484.301,146383.3971,177178.4663,129381.9521,143354.8043,110487.3795
CL 72_8,480736.3093,373370.6997,332107.8452,191210.8367,1024911.228,737461.7088,736953.3374,438288.7524
CL 82_2,50473.64635,82353.89859,31809.37323,46826.66314,120271.804,87899.10982,68363.23099,68490.27864
CL 72_4,48326.48548,50845.15463,31783.50146,27814.4038,67360.98412,54249.70861,15245.18016,21284.61186
CL 78_8,62690.30609,96416.43685,48596.7651,68418.78363,71932.27027,58120.93335,33097.96516,47314.99007
CL 70_4,136706.4651,197611.8698,75752.04031,64966.70899,178423.3489,89826.88122,64683.97493,46985.72597
CL 74_6,60774.27878,77389.59991,16625.84955,88450.24438,186049.5608,96620.84573,72956.47423,63371.08292
CL 68_4,28791.43102,56179.83665,26936.53572,19346.07719,12993.2591,14883.6537,18762.51067,22754.32982
CL 74_10,51517.43207,63696.11846,20908.59853,33077.7889,57098.94603,23828.08335,31940.22863,20741.83255
CL 82_4,49459.84921,88444.73832,58274.80704,63290.81591,51258.16201,21469.18502,63073.66532,56361.9125
CL 80_10,13924.64454,34273.75998,21173.55673,35385.50525,16361.81321,26006.05025,13611.71389,21852.03964
CL 78_0,7451.379395,5313.395032,11718.32455,2415.833619,15718.57002,19302.46197,17588.36984,19879.13235
CL 68_0,41414.63251,16130.2806,54051.11821,33204.39982,12073.60688,21708.02218,16711.04744,31125.95646
CL 74_2,15271.40399,28918.09778,11996.05299,17157.9886,10015.27288,11099.2055,10400.54827,8118.132795
CL 76_12,17049.65714,35488.85512,22311.94699,24910.65692,25099.59573,20661.88511,26941.29356,37525.99447
CL 80_12,252310.475,283587.3641,190084.9054,272764.0238,215356.3463,183590.4983,218394.2997,296605.4648
CL 78_2,240543.8892,224058.65,198246.7464,243229.2074,275965.4226,240836.3153,248561.3154,184694.1689
CL 76_8,11442.39601,9431.175316,8302.771565,24977.38285,86492.65221,11334.36794,30755.29365,7923.516647
CL 72_2,25202.69108,6647.214278,17722.40516,12912.52006,8174.00099,5600.528541,19740.38497,11071.73461
CL 68_6,19841.68587,32290.5439,9173.088554,9094.325281,19988.95922,13090.55676,27502.237,28256.99717
CL 78_10,6553.442671,7896.493737,5701.874867,9235.52231,14326.5537,13730.1716,14047.75748,11735.03795
CL 82_8,149816.1543,80619.35185,161007.1685,164881.5915,175557.0132,84766.91191,112397.1834,124817.8088
PA 38_4,354616.8797,719602.515,431530.3587,602275.9253,1159428.337,491642.0843,679200.4546,1374892.876
PA 40_6,623084.3632,796155.2799,385942.7377,552246.9878,1574435.625,673520.3542,1164764.279,1513800.162
PA 35_2,11992.28978,16246.90774,6077.366762,16191.17641,21210.62155,14031.91228,28773.37712,16978.93379
PA 43_4,661832.6471,710025.6152,777552.8047,828510.5786,614204.0203,637514.6553,611608.0152,751386.8982
PA 36_2,225780.5139,483141.0783,204907.9167,294553.6403,598141.6302,243126.2797,743481.1302,710612.597
PA 39_2,22013.62845,32274.36611,9138.255559,10491.09284,19399.73868,25734.77411,17525.4642,10476.00298
PA 40_4,125374.082,181413.9624,203759.2597,152627.3543,479820.2905,267430.5445,306728.3374,510739.1847
PA 41_4,60691.06143,61318.02465,37898.20823,19978.98485,45916.67074,16388.89266,25874.77905,15192.5713
PA 34_2,8132.425322,30052.49254,7155.250729,12805.55718,12669.57082,5381.98198,13589.59158,8851.984901
PA 38_2,85108.38679,132187.921,82310.36401,108882.567,328894.1501,154280.731,228041.7032,272479.5707
PA 42_8,111726.8097,217897.2861,112085.0387,78787.87387,208771.7302,85925.55443,184728.7316,183320.2823
PA 39_6,5800.218366,5749.168719,7817.744348,7585.162317,6274.064617,7810.601514,3931.924052,13342.5763
PA 28_4,50810.6179,47441.87554,28382.10086,50766.89932,32521.13002,32803.88606,26910.30788,14089.94906
PA 36_4,6448.715741,26638.97493,2155.210213,7520.559494,21295.22441,6664.688702,11302.80058,15184.87274
PA 38_6,11198.46154,9560.328327,11962.45672,18814.07973,18919.43133,14766.38651,10869.1539,27474.99938
PA 37_2,5883.879768,3738.355105,5103.569043,2526.480572,1586.643947,5569.650916,2662.443407,3007.699096
PA 20_0,9151.409667,13486.16057,119587.4696,24569.09618,6273.92236,6752.7564,8824.633552,13025.758
PG 34_0,1996241.858,1928871.125,1493659.607,2008700.166,652603.5531,1650891.223,1562829.623,1793739.507
PG 38_6,776594.1477,723422.4626,478180.1808,494247.2771,903675.5671,658788.0757,528714.2987,357653.2543
PG 36_4,912048.3291,957537.4649,312451.6829,435276.2375,922934.6224,583648.0072,651888.2037,346179.8861
PG 44_12,1675166.201,1557748.128,1824705.288,1030867.917,1792256.272,1343272.047,1289354.981,1401319.681
PG 36_2,2484327.701,2897946.321,2318249.471,2389998.383,1700024.796,993978.0995,1115561.522,953360.4028
PG 40_8,1741361.243,1647327.241,1152473.057,866687.2473,1609782.914,1280610.77,1435695.036,1194358.872
PG 42_10,529025.2203,300529.0659,535075.2787,273348.38,558600.6228,446169.6916,429876.0104,459365.6397
PG 40_6,1061953.602,897727.4844,749092.9402,857643.2004,491820.008,241367.434,232648.6336,208511.3371
PG 44_10,214032.4254,142340.3798,162216.8931,115990.6846,166141.5097,126679.7187,69070.27074,90911.99148
PG 42_8,204624.5658,200182.5532,125647.5291,156770.1776,253842.2727,149963.8899,193222.471,111646.037
PG 39_4,2137943.215,2724763.281,1325391.896,2691747.363,3009301.279,2876307.885,2074616.137,1880327.527
PG 38_2,41232.22406,55744.58408,33115.7322,35579.92024,47823.65622,49577.94634,31910.66288,29183.59783
PG 38_4,156147.7139,87817.64911,173756.8159,174005.307,132671.3036,163896.6183,89465.43515,85827.91759
PG 32_0,38204.22269,46198.61752,77344.13472,58754.74013,16106.48862,27412.86269,21348.85727,18686.46248
PG 37_4,52158.55809,68061.73768,33414.58513,38409.50031,94977.80126,47265.53262,73312.31916,44186.816
PG 32_2,13541.89761,8593.788763,3674.904312,6545.293794,17583.66727,5308.840477,5127.416214,789.1412301
PG 34_2,1052081.235,929106.6137,445622.021,643824.599,1654022.759,1241771.194,847548.4767,526321.4423
PG 35_2,21173.11847,9257.271045,20044.47894,10402.06852,34794.9748,43385.39601,22727.13794,24078.99515
PG 44_8,51789.02142,49188.50874,33615.43748,14099.39178,115933.4511,74799.87483,58305.91224,42567.39352
PG 36_6,4452.668135,5444.764093,7296.465821,5012.716328,4469.326211,2497.295101,2455.532696,3854.354089
PG 44_2,963.6112325,5942.391076,7271.860321,3676.006325,3701.763416,5325.548556,5801.861046,10018.10154
PG 34_4,7657.16086,5979.572376,7436.143037,4211.607309,5411.240625,4722.957353,4479.083626,6074.942844
PI 36_4,1357997.371,2762448.854,4078874.948,737152.5954,1913408.017,2042066.111,1707055.492,1176768.432
PI 40_4,218678.0237,176664.7312,162621.2702,330064.9111,157428.849,210822.4361,196331.7511,213006.1329
PI 34_2,299178.1135,534301.9779,564551.7209,98334.69474,390301.9835,547712.8016,535774.9983,301677.065
PI 40_6,457052.3931,322623.1522,569360.1269,661807.7402,181630.3051,286613.6791,342731.0498,452099.4166
PI 38_6,97811.7719,231323.8961,390123.4111,69055.36714,157513.4872,178745.2795,113358.1832,56971.40647
PI 39_4,152153.971,72124.5731,221781.6723,66977.14001,122637.6277,119347.6586,84348.99663,113124.7401
PI 36_2,1403387.27,1067026.014,1496520.047,677189.9483,1310400.209,1278736.901,1416963.592,792709.2369
PI 38_4,44471848.89,35770603.55,51867055.57,26123975.85,49965654.78,55875573.05,50121517.79,40296138.77
PS 36_4,613724.802,1176103.962,480848.332,404672.519,618506.2902,468904.0178,478618.476,318180.1622
PS 38_6,430784.822,740490.3099,741988.3965,270150.5371,402622.3044,386500.7015,510467.2697,313034.0512
PS 40_4,318145.8938,420563.7742,690449.3962,202702.2895,411238.923,574317.1403,521664.5368,366188.5677
PS 37_4,84073.34233,71256.37914,27343.19607,129901.8365,84616.30255,59634.18641,70731.83061,52823.22729
PS 38_4,22408652.6,19376392.87,23530815.41,23515969.06,25645823.87,28944097.76,27044825.36,26816237.81
PS 42_6,29942.72037,35988.98885,9525.604548,50435.50213,22896.24401,50770.44196,55245.9379,30312.22302
PS 40_6,3252206.558,4615354.322,4653237.007,2921448.971,2924790.378,3119446.002,5091211.937,3808336.999
PS 34_2,23439.95565,30329.43153,88298.75099,12571.00556,28543.19332,16668.59815,18965.57608,7486.767549
PS 40_8,9488.456546,11414.83236,7740.335959,7318.539526,4742.46012,6556.424056,4275.65617,3542.262424
