"Lipid","Ctrl_BTBR_2292","Ctrl_BTBR_2293","Ctrl_BTBR_2297","Ctrl_BTBR_2298","HF_BTBR_2306","HF_BTBR_2307","HF_BTBR_2308","HF_BTBR_2309"
"DG 36_2",334764.905306531,317548.760513688,301137.914916468,262934.409024127,227051.026011725,262934.409024127,483347.455908846,317548.760513688
"DG 38_4",1112769.86069723,1112769.86069723,1112769.86069723,1112769.86069723,738451.164603208,738451.164603208,981235.41875302,738451.164603208
"DG 40_2",11901.90028519,7761.56073148846,7761.56073148846,5060.742726822,9899.93580826725,5804.77285342986,9761.45001253696,8892.25825710858
"DG 36_0",5699105.41038844,5699105.41038844,5699105.41038844,5699105.41038844,5699105.41038844,3852004.52864112,5699105.41038844,5699105.41038844
"DG 36_4",78694.4983954365,71534.9288025654,75897.8002485659,75897.8002485659,50349.9660036893,89738.1247179249,64255.024265003,56627.3693233835
"DG 34_0",1506748.41479677,738451.164603208,501264.134936585,882924.435937889,790483.825317275,882924.435937889,790483.825317275,790483.825317275
"DG 32_1",31845.302971997,30098.7967820094,59352.6711444856,28612.7618329656,13433.7483605795,10871.1086945871,25566.3418233348,14543.3204732565
"DG 42_2",22426.4691104843,23964.2018715607,19877.2411279776,20812.672451651,20266.5189456207,17160.2916295025,22426.4691104843,20266.5189456207
"DG 40_5",10708.3605223592,12602.7594101332,8501.97187969049,11073.8302538504,4626.67166662418,11073.8302538504,13433.7483605795,9250.23511778647
"DG 40_1",33855.2150065753,40723.3977358019,35058.1582150506,35058.1582150506,35687.5315995651,28171.2457107318,33357.6917264466,37829.2298220984
"DG 36_1",382729.005273053,249349.9543385,227051.026011725,281192.863652447,150964.942365057,190622.324347271,281192.863652447,177378.456157861
"DG 38_7",1870.09942804688,300.633994009659,1081.25945312114,1479.8791606692,550.218683648402,664.964195031568,1211.78807640315,467.979926103747
"DG 32_0",57697.3600365239,33357.6917264466,35687.5315995651,34456.8532031332,30567.0658287001,37070.3832857624,39693.2158278092,47712.353079771
"DG 38_3",139440.374509839,89738.1247179249,96361.5720936196,104090.919482063,55093.0072476975,66207.6842627991,104090.919482063,93786.8802149398
"DG 38_2",26249.1555971962,19877.2411279776,20499.2304299225,13764.0908345176,12765.0149216246,18761.9872683988,21701.6136049083,15283.1046805948
"DG 40_6",20812.672451651,17957.4078630268,13984.4095312442,18265.904885922,11400.689235685,15544.6092995382,19107.0742967328,15976.4417074473
"DG 38_0",96361.5720936196,69576.7601220614,56627.3693233835,78694.4983954365,115070.968398203,111807.146445088,67729.5447507206,108936.095583913
"DG 40_0",53213.455248384,42890.1167258328,28612.7618329656,46717.1235449292,57697.3600365239,53213.455248384,42890.1167258328,73860.6129032848
"DG 38_6",13433.7483605795,10025.0998675436,10871.1086945871,9899.93580826725,7014.06656003568,5956.97028339901,15027.1406563997,10269.0035719441
"DG 40_4",56627.3693233835,35687.5315995651,31845.302971997,31845.302971997,14543.3204732565,23252.0507061844,31442.2488365665,27140.0555033059
"DG 30_1",4227.6771360103,3817.60194751852,11669.9680819941,4425.88407080927,781.688569825783,1418.91822062694,1821.37709910414,830.629705806644
"DG 42_3",3768.93424168295,2374.24151420868,4277.33128417099,3989.04839581373,2675.37538399767,4681.73387176678,6214.74897190306,4681.73387176678
"DG 44_2",7521.44196042592,3547.05630671208,3187.40349825349,2607.30390174855,2824.90569365922,3129.69971796825,3989.04839581373,3768.93424168295
"DG 42_4",8414.57584326696,5564.1832631553,4176.99837683462,6579.47330809975,3817.60194751852,4934.03800334503,3674.55999256227,6129.8949135152
"DG 42_0",6767.31128303579,7147.95040523972,5398.7852010843,7909.70070228872,11669.9680819941,7909.70070228872,7147.95040523972,13622.674386754
"DG 44_1",2067.9050962259,2156.37942301987,1418.91822062694,1541.08910829682,2781.24650031333,5398.7852010843,1144.10739730656,3424.19677856288
"DG 30_2",5709.26815810453,2868.67679630882,13122.4901870354,2726.15351762138,1366.40082076778,1821.37709910414,2117.41134444901,1541.08910829682
"DG 44_6",8153.90939767922,8892.25825710858,6031.35248547829,7014.06656003568,9250.23511778647,16541.6503930982,8892.25825710858,6394.59740608442
"lysoPC 16_0",418549.407143566,501264.134936585,643967.830815935,501264.134936585,382729.005273053,317548.760513688,399352.741034576,382729.005273053
"lysoPC 18_2",24364.8481559943,33855.2150065753,39141.4854023907,24364.8481559943,35058.1582150506,20812.672451651,48946.973562115,38502.1757732035
"lysoPC 18_1",317548.760513688,349336.505786575,349336.505786575,382729.005273053,249349.9543385,165366.941305688,301137.914916468,249349.9543385
"lysoPC 20_3",42125.3483244454,48946.973562115,45700.5340760607,38502.1757732035,39141.4854023907,23633.1281659734,32759.5566592425,31442.2488365665
"lysoPC 18_0",249349.9543385,301137.914916468,382729.005273053,349336.505786575,317548.760513688,199472.742024728,334764.905306531,349336.505786575
"lysoPC 22_1",4277.33128417099,6932.73372785614,5642.88961301532,5804.77285342986,4749.89136860154,3465.96257684991,4812.19203976419,4567.15900552582
"lysoPC 20_1",7761.56073148846,10584.6427257966,12424.5890532244,7992.42248318314,8501.97187969049,6394.59740608442,8628.29676237836,5881.88540760956
"lysoPC 22_5",5170.13709765077,4347.40300235404,6853.65228039922,2675.37538399767,2975.33648175349,2374.24151420868,3611.62470660732,3368.02432613006
"lysoPC 20_2",3465.96257684991,3674.55999256227,5956.97028339901,3611.62470660732,5328.57750433796,3768.93424168295,7336.89093972719,6853.65228039922
"lysoPC 26_0",6579.47330809975,6767.31128303579,5170.13709765077,5709.26815810453,7909.70070228872,10269.0035719441,5881.88540760956,8755.32397202284
"lysoPC 20_5",1588.42050605797,1479.8791606692,1763.1416266143,1211.78807640315,2007.00597325142,1366.40082076778,2675.37538399767,1588.42050605797
"lysoPC 24_0",117866.977681102,190622.324347271,249349.9543385,165366.941305688,184029.606908086,145887.157294554,199472.742024728,184029.606908086
"lysoPC 26_1",2726.15351762138,3187.40349825349,3547.05630671208,3083.0621834923,2868.67679630882,2557.86154264857,2557.86154264857,2824.90569365922
"lysoPE 18_1",281192.863652447,281192.863652447,281192.863652447,317548.760513688,212232.660522217,184029.606908086,262934.409024127,227051.026011725
"lysoPE 22_6",21130.2726736133,25188.667608948,29551.3434109173,20499.2304299225,21701.6136049083,12765.0149216246,21429.9360520325,19877.2411279776
"lysoPE 20_1",3424.19677856288,8306.27288841959,6476.05039304402,4812.19203976419,5060.742726822,3312.08530063188,6129.8949135152,3465.96257684991
"lysoPE 16_0",23633.1281659734,38502.1757732035,42890.1167258328,41438.2234282091,48946.973562115,29551.3434109173,37829.2298220984,39141.4854023907
"lysoPE 18_0",3696.90277876967,5642.88961301532,6579.47330809975,6394.59740608442,7761.56073148846,5642.88961301532,4879.91050665871,6214.74897190306
"lysoPE 24_4",2156.37942301987,1870.09942804688,2781.24650031333,1821.37709910414,2557.86154264857,2675.37538399767,1763.1416266143,2781.24650031333
"lysoPE 22_5",4749.89136860154,3611.62470660732,4100.14813598772,3719.24556497706,3547.05630671208,3030.36700834498,4749.89136860154,3129.69971796825
"lysoPE 20_3",1763.1416266143,1821.37709910414,2067.9050962259,664.964195031568,2117.41134444901,1541.08910829682,2227.83847466196,1963.46854508245
"lysoPE 20_2",1012.87486111436,1144.10739730656,1366.40082076778,781.688569825783,1144.10739730656,1012.87486111436,1588.42050605797,1366.40082076778
"lysoPE 14_0",241.935631038523,946.715805137213,122.617631415061,241.935631038523,830.629705806644,1211.78807640315,300.633994009659,400.502370768594
"MG 18_0",790483.825317275,981235.41875302,882924.435937889,981235.41875302,981235.41875302,981235.41875302,738451.164603208,1112769.86069723
"MG 22_0",9899.93580826725,11669.9680819941,12765.0149216246,12765.0149216246,12953.4281950997,8414.57584326696,11901.90028519,13764.0908345176
"MG 20_4",729.589226984527,597.438130830255,3896.55084432167,729.589226984527,3719.24556497706,1081.25945312114,1012.87486111436,1012.87486111436
"MG 18_2",4681.73387176678,10165.6694286606,10025.0998675436,11400.689235685,17160.2916295025,9416.59510423303,8153.90939767922,8306.27288841959
"MG 16_0",9146.55825922703,11220.6903621017,8414.57584326696,12191.6102211143,13984.4095312442,13764.0908345176,13764.0908345176,11220.6903621017
"PC 32_0",1234820.67653725,1234820.67653725,1506748.41479677,1506748.41479677,1506748.41479677,1234820.67653725,1112769.86069723,1506748.41479677
"PC 42_1",199472.742024728,177378.456157861,127405.476958191,199472.742024728,159510.921494059,281192.863652447,177378.456157861,171136.182335375
"PC 48_4",2868.67679630882,3989.04839581373,2433.2690594929,3030.36700834498,1211.78807640315,3424.19677856288,3187.40349825349,3187.40349825349
"PC 40_6",81449.0277045762,75897.8002485659,81449.0277045762,84641.5328138281,89738.1247179249,93786.8802149398,78694.4983954365,81449.0277045762
"PC 38_1",738451.164603208,643967.830815935,527378.320838548,527378.320838548,418549.407143566,527378.320838548,501264.134936585,501264.134936585
"PC 32_1",2755533.31492809,3459568.70113759,2755533.31492809,2755533.31492809,1112769.86069723,1885919.29891904,1885919.29891904,1234820.67653725
"PC 38_6",882924.435937889,882924.435937889,738451.164603208,738451.164603208,527378.320838548,790483.825317275,882924.435937889,643967.830815935
"PC 38_3",36296.6832188317,45700.5340760607,37829.2298220984,40723.3977358019,44618.4280694884,40723.3977358019,51683.3040683137,45700.5340760607
"PC 44_4",190622.324347271,117866.977681102,108936.095583913,184029.606908086,145887.157294554,249349.9543385,165366.941305688,150964.942365057
"PC 40_8",33357.6917264466,34456.8532031332,33855.2150065753,21130.2726736133,32362.2856604165,19877.2411279776,35687.5315995651,29070.8716162906
"PC 38_2",64255.024265003,59352.6711444856,48946.973562115,66207.6842627991,71534.9288025654,96361.5720936196,71534.9288025654,55093.0072476975
"PC 40_1",67729.5447507206,62677.1321799159,47712.353079771,69576.7601220614,46717.1235449292,78694.4983954365,57697.3600365239,62677.1321799159
"PC 36_4",11220.6903621017,7650.31919781937,5804.77285342986,6214.74897190306,5470.57429724871,11220.6903621017,6031.35248547829,3674.55999256227
"PC 46_6",7255.06986852259,4749.89136860154,3465.96257684991,4038.99551503691,3896.55084432167,4567.15900552582,5241.13631563334,5709.26815810453
"PC 42_5",7909.70070228872,6853.65228039922,4980.30066002848,5241.13631563334,4347.40300235404,4484.22061029023,9025.33851411094,5398.7852010843
"PC 34_4",12036.3041031809,18265.904885922,22048.5671389104,15544.6092995382,18265.904885922,6767.31128303579,12953.4281950997,11901.90028519
"PC 44_12",13122.4901870354,25827.3562636203,21130.2726736133,18761.9872683988,24808.7812819412,12602.7594101332,17574.2614698076,17392.416406866
"PC 42_9",5470.57429724871,2490.8093889003,3768.93424168295,7147.95040523972,5642.88961301532,7992.42248318314,3719.24556497706,3719.24556497706
"PC 40_3",10269.0035719441,8755.32397202284,11400.689235685,9146.55825922703,12036.3041031809,14273.0395612304,12424.5890532244,12036.3041031809
"PC 40_4",27642.6323399554,13764.0908345176,23964.2018715607,16278.4409881048,20499.2304299225,23964.2018715607,24808.7812819412,24808.7812819412
"PC 36_1",467.979926103747,1418.91822062694,781.688569825783,550.218683648402,729.589226984527,1144.10739730656,241.935631038523,241.935631038523
"PC 30_1",4812.19203976419,6031.35248547829,2117.41134444901,2824.90569365922,1418.91822062694,3611.62470660732,1870.09942804688,2726.15351762138
"PC 42_2",32362.2856604165,17574.2614698076,19318.2717729633,15976.4417074473,25827.3562636203,29070.8716162906,12765.0149216246,19107.0742967328
"PC 38_8",1821.37709910414,1211.78807640315,1144.10739730656,2067.9050962259,664.964195031568,2781.24650031333,597.438130830255,2067.9050962259
"PC 34_2",18265.904885922,10708.3605223592,8892.25825710858,9416.59510423303,5241.13631563334,20499.2304299225,17392.416406866,11669.9680819941
"PC 46_4",10025.0998675436,11511.7284327243,10269.0035719441,14543.3204732565,11511.7284327243,10025.0998675436,6932.73372785614,9025.33851411094
"PC 30_3",2117.41134444901,1366.40082076778,2007.00597325142,1763.1416266143,241.935631038523,946.715805137213,1705.5254904802,2007.00597325142
"PC 28_0",1705.5254904802,1644.53154884249,1963.46854508245,1870.09942804688,893.925910740501,1479.8791606692,2067.9050962259,1211.78807640315
"PC 34_1",9656.42026533208,7014.06656003568,5709.26815810453,12424.5890532244,7147.95040523972,8628.29676237836,10165.6694286606,6767.31128303579
"PC 42_4",20499.2304299225,21701.6136049083,17392.416406866,8892.25825710858,16278.4409881048,15283.1046805948,17957.4078630268,17957.4078630268
"PC 32_4",4980.30066002848,3896.55084432167,2490.8093889003,3187.40349825349,3129.69971796825,2868.67679630882,1916.8297425348,2868.67679630882
"PC 46_1",5881.88540760956,5470.57429724871,3674.55999256227,2490.8093889003,3368.02432613006,6214.74897190306,7650.31919781937,3611.62470660732
"PC 38_7",1081.25945312114,729.589226984527,830.629705806644,1081.25945312114,1479.8791606692,1963.46854508245,1081.25945312114,729.589226984527
"PC 32_3",4567.15900552582,7443.45383524768,9761.45001253696,8153.90939767922,11073.8302538504,5241.13631563334,4176.99837683462,5241.13631563334
"PC 42_7",7443.45383524768,5398.7852010843,5328.57750433796,6031.35248547829,6214.74897190306,8153.90939767922,5804.77285342986,2490.8093889003
"plasmenyl-PC 22_0",300.633994009659,241.935631038523,400.502370768594,467.979926103747,300.633994009659,241.935631038523,54.829263510246,300.633994009659
"plasmenyl-PC 24_0",893.925910740501,664.964195031568,597.438130830255,946.715805137213,400.502370768594,597.438130830255,729.589226984527,597.438130830255
"PE 44_1",492305.795422715,471957.360772692,439558.336390052,471957.360772692,492305.795422715,342050.705546553,439558.336390052,471957.360772692
"PE 36_1",460567.265636538,418549.407143566,399352.741034576,418549.407143566,460567.265636538,399352.741034576,349336.505786575,399352.741034576
"PE 42_2",59352.6711444856,60911.4337591323,50349.9660036893,48946.973562115,51683.3040683137,26756.59928707,56627.3693233835,42890.1167258328
"PE 36_4",134306.796007648,111807.146445088,104090.919482063,115070.968398203,84641.5328138281,55093.0072476975,89738.1247179249,78694.4983954365
"PE 38_5",262934.409024127,227051.026011725,199472.742024728,212232.660522217,111807.146445088,121471.51966599,190622.324347271,121471.51966599
"PE 42_1",349336.505786575,391040.873153814,317548.760513688,399352.741034576,643967.830815935,460567.265636538,317548.760513688,418549.407143566
"PE 36_5",18524.6320329948,27642.6323399554,20266.5189456207,22048.5671389104,13622.674386754,8755.32397202284,12602.7594101332,12191.6102211143
"PE 34_2",227051.026011725,184029.606908086,171136.182335375,177378.456157861,100400.488359773,104090.919482063,171136.182335375,134306.796007648
"PE 38_4",20071.8800367991,26948.327395188,24998.7244454446,33606.453366511,24164.5250137775,25696.8490434775,23442.5894360789,28392.0037718487
"PE 38_1",55093.0072476975,55093.0072476975,37070.3832857624,53213.455248384,38502.1757732035,43848.29694985,46717.1235449292,37070.3832857624
"PE 36_3",71534.9288025654,84641.5328138281,64255.024265003,71534.9288025654,73860.6129032848,60911.4337591323,145887.157294554,96361.5720936196
"PE 34_3",13984.4095312442,13622.674386754,12953.4281950997,10708.3605223592,13122.4901870354,10165.6694286606,16835.2401729163,11511.7284327243
"PE 40_2",34456.8532031332,39693.2158278092,30098.7967820094,26756.59928707,28612.7618329656,21429.9360520325,32362.2856604165,20499.2304299225
"PE 40_4",19107.0742967328,16835.2401729163,19597.2107659782,23252.0507061844,23633.1281659734,21130.2726736133,25827.3562636203,22426.4691104843
"PE 42_5",6932.73372785614,3719.24556497706,4484.22061029023,5564.1832631553,4277.33128417099,7014.06656003568,4038.99551503691,8628.29676237836
"PE 42_3",5564.1832631553,10269.0035719441,7336.89093972719,6767.31128303579,3312.08530063188,7443.45383524768,9416.59510423303,6031.35248547829
"PE 38_6",159510.921494059,134306.796007648,78694.4983954365,96361.5720936196,66207.6842627991,134306.796007648,93786.8802149398,67729.5447507206
"PE 44_3",4934.03800334503,5328.57750433796,5564.1832631553,3896.55084432167,6476.05039304402,7147.95040523972,5956.97028339901,7147.95040523972
"PE 32_1",42890.1167258328,24808.7812819412,21701.6136049083,18524.6320329948,7336.89093972719,18265.904885922,19318.2717729633,12765.0149216246
"PE 40_5",30098.7967820094,22917.9249741881,29070.8716162906,25566.3418233348,23252.0507061844,22048.5671389104,27140.0555033059,24364.8481559943
"PE 30_1",664.964195031568,830.629705806644,550.218683648402,830.629705806644,1763.1416266143,830.629705806644,122.617631415061,664.964195031568
"PE 32_2",3547.05630671208,4277.33128417099,4626.67166662418,3465.96257684991,2433.2690594929,2279.23532246581,2726.15351762138,1644.53154884249
"PE 40_3",4484.22061029023,2824.90569365922,8306.27288841959,4347.40300235404,6303.51102655984,3719.24556497706,3368.02432613006,2227.83847466196
"plasmenyl-PE 36_1",2113876.57185155,2113876.57185155,2113876.57185155,1885919.29891904,1885919.29891904,2113876.57185155,3852004.52864112,1885919.29891904
"plasmenyl-PE 34_2",171136.182335375,159510.921494059,134306.796007648,171136.182335375,108936.095583913,139440.374509839,121471.51966599,115070.968398203
"plasmenyl-PE 40_1",37070.3832857624,51683.3040683137,51683.3040683137,51683.3040683137,43848.29694985,31845.302971997,44618.4280694884,50349.9660036893
"plasmenyl-PE 38_6",145887.157294554,165366.941305688,145887.157294554,145887.157294554,117866.977681102,64255.024265003,184029.606908086,139440.374509839
"plasmenyl-PE 22_0",2607.30390174855,3368.02432613006,2607.30390174855,2227.83847466196,2490.8093889003,1870.09942804688,2490.8093889003,3236.3323336149
"plasmenyl-PE 40_4",115070.968398203,121471.51966599,115070.968398203,127405.476958191,93786.8802149398,127405.476958191,139440.374509839,104090.919482063
"plasmenyl-PE 36_2",17392.416406866,10871.1086945871,9416.59510423303,10401.9637199263,10165.6694286606,16278.4409881048,11220.6903621017,10871.1086945871
"plasmenyl-PE 38_2",62677.1321799159,39141.4854023907,32759.5566592425,42890.1167258328,22917.9249741881,37829.2298220984,39141.4854023907,29551.3434109173
"plasmenyl-PE 42_4",48946.973562115,31845.302971997,31442.2488365665,27642.6323399554,25566.3418233348,24364.8481559943,35058.1582150506,30998.7906852614
"plasmenyl-PE 38_1",121471.51966599,93786.8802149398,69576.7601220614,73860.6129032848,64255.024265003,71534.9288025654,111807.146445088,60911.4337591323
"plasmenyl-PE 32_1",46717.1235449292,47712.353079771,34456.8532031332,39693.2158278092,18761.9872683988,19318.2717729633,26249.1555971962,18265.904885922
"plasmenyl-PE 40_2",35058.1582150506,31442.2488365665,28171.2457107318,31442.2488365665,13764.0908345176,17957.4078630268,31845.302971997,18761.9872683988
"plasmenyl-PE 34_1",8755.32397202284,4567.15900552582,4879.91050665871,6476.05039304402,41438.2234282091,32759.5566592425,5709.26815810453,2433.2690594929
"SM 34_2",7650.31919781937,9416.59510423303,6394.59740608442,9250.23511778647,4100.14813598772,6476.05039304402,6579.47330809975,8501.97187969049
"SM 34_1",981235.41875302,1885919.29891904,1885919.29891904,1234820.67653725,2113876.57185155,1506748.41479677,1506748.41479677,2113876.57185155
"SM 36_0",84641.5328138281,78694.4983954365,111807.146445088,93786.8802149398,165366.941305688,171136.182335375,81449.0277045762,159510.921494059
"SM 36_1",643967.830815935,790483.825317275,981235.41875302,790483.825317275,1234820.67653725,1112769.86069723,643967.830815935,981235.41875302
"SM 32_1",22048.5671389104,32362.2856604165,36296.6832188317,27140.0555033059,29070.8716162906,15976.4417074473,27642.6323399554,27642.6323399554
"SM 40_1",30567.0658287001,37829.2298220984,24364.8481559943,44618.4280694884,42125.3483244454,31442.2488365665,21130.2726736133,35687.5315995651
"SM 42_2",11669.9680819941,30998.7906852614,11901.90028519,17957.4078630268,15976.4417074473,11669.9680819941,18265.904885922,20812.672451651
"SM 32_0",2279.23532246581,3030.36700834498,4749.89136860154,3674.55999256227,4227.6771360103,1916.8297425348,3083.0621834923,4227.6771360103
"SM 30_1",781.688569825783,893.925910740501,729.589226984527,893.925910740501,597.438130830255,300.633994009659,946.715805137213,781.688569825783
"SM 42_1",60911.4337591323,41438.2234282091,30998.7906852614,55093.0072476975,53213.455248384,115070.968398203,33855.2150065753,48946.973562115
"SM 38_1",3083.0621834923,4100.14813598772,5060.742726822,3424.19677856288,6932.73372785614,9656.42026533208,7255.06986852259,6932.73372785614
"TG 50_3",4749237.54018997,3852004.52864112,3852004.52864112,4749237.54018997,2755533.31492809,2755533.31492809,3459568.70113759,2755533.31492809
"TG 56_3",527378.320838548,527378.320838548,790483.825317275,643967.830815935,399352.741034576,501264.134936585,382729.005273053,527378.320838548
"TG 54_7",75897.8002485659,127405.476958191,73860.6129032848,100400.488359773,190622.324347271,177378.456157861,527378.320838548,334764.905306531
"TG 54_3",4203273.10270997,4651889.6084844,4651889.6084844,4203273.10270997,4651889.6084844,5224171.4752892,4651889.6084844,4651889.6084844
"TG 58_3",51683.3040683137,96361.5720936196,121471.51966599,59352.6711444856,59352.6711444856,39141.4854023907,75897.8002485659,57697.3600365239
"TG 50_2",93786.8802149398,199472.742024728,334764.905306531,64255.024265003,60911.4337591323,13122.4901870354,150964.942365057,64255.024265003
"TG 42_0",16541.6503930982,13433.7483605795,27140.0555033059,15283.1046805948,8755.32397202284,6129.8949135152,16541.6503930982,9899.93580826725
"TG 48_2",26756.59928707,16541.6503930982,15976.4417074473,26249.1555971962,17957.4078630268,36296.6832188317,8501.97187969049,12953.4281950997
"TG 54_8",21701.6136049083,24364.8481559943,33357.6917264466,22917.9249741881,19877.2411279776,19107.0742967328,55093.0072476975,35058.1582150506
"TG 52_3",3459568.70113759,2755533.31492809,3459568.70113759,3459568.70113759,3852004.52864112,4554541.67677882,2113876.57185155,3852004.52864112
"TG 54_5",1885919.29891904,1506748.41479677,1234820.67653725,2113876.57185155,3459568.70113759,3459568.70113759,2755533.31492809,3459568.70113759
"TG 50_0",184029.606908086,145887.157294554,67729.5447507206,134306.796007648,334764.905306531,150964.942365057,115070.968398203,212232.660522217
"TG 58_9",5060.742726822,2433.2690594929,2156.37942301987,8755.32397202284,8628.29676237836,12424.5890532244,7521.44196042592,19597.2107659782
"TG 42_2",44618.4280694884,50349.9660036893,177378.456157861,50349.9660036893,15776.9599027708,13622.674386754,45700.5340760607,30098.7967820094
"TG 58_2",23252.0507061844,28171.2457107318,89738.1247179249,39141.4854023907,31845.302971997,33357.6917264466,50349.9660036893,36296.6832188317
"TG 56_9",11073.8302538504,8628.29676237836,4934.03800334503,11511.7284327243,8892.25825710858,8892.25825710858,19877.2411279776,10165.6694286606
"TG 62_3",2675.37538399767,2781.24650031333,7909.70070228872,2374.24151420868,3030.36700834498,2156.37942301987,4980.30066002848,3989.04839581373
"TG 58_5",9761.45001253696,9250.23511778647,8628.29676237836,10584.6427257966,15027.1406563997,9146.55825922703,11511.7284327243,12602.7594101332
"TG 52_4",69576.7601220614,100400.488359773,40723.3977358019,60911.4337591323,67729.5447507206,62677.1321799159,159510.921494059,84641.5328138281
"TG 44_1",8628.29676237836,6476.05039304402,7014.06656003568,7336.89093972719,2931.00125011162,6932.73372785614,4227.6771360103,3896.55084432167
"TG 42_1",38502.1757732035,43848.29694985,184029.606908086,43848.29694985,11220.6903621017,10708.3605223592,29070.8716162906,19318.2717729633
"TG 60_2",5956.97028339901,8501.97187969049,18761.9872683988,6692.01843259977,6394.59740608442,5060.742726822,20266.5189456207,7443.45383524768
"TG 58_7",4626.67166662418,2007.00597325142,2675.37538399767,4567.15900552582,9539.55120058464,4100.14813598772,2320.53770503878,8153.90939767922
"TG 48_0",127405.476958191,108936.095583913,84641.5328138281,159510.921494059,262934.409024127,212232.660522217,41438.2234282091,165366.941305688
"TG 48_1",15027.1406563997,11073.8302538504,8153.90939767922,14273.0395612304,10871.1086945871,17392.416406866,6303.51102655984,11073.8302538504
"TG 58_6",4176.99837683462,3129.69971796825,2726.15351762138,4100.14813598772,4681.73387176678,8501.97187969049,3768.93424168295,3030.36700834498
"TG 52_1",32759.5566592425,15283.1046805948,21429.9360520325,28171.2457107318,37070.3832857624,46717.1235449292,34456.8532031332,43848.29694985
"TG 54_1",399352.741034576,334764.905306531,483347.455908846,334764.905306531,882924.435937889,643967.830815935,1234820.67653725,882924.435937889
"TG 58_8",11400.689235685,4934.03800334503,4038.99551503691,7255.06986852259,16835.2401729163,20266.5189456207,10401.9637199263,21429.9360520325
"TG 46_0",104090.919482063,57697.3600365239,53213.455248384,45700.5340760607,81449.0277045762,57697.3600365239,25188.667608948,51683.3040683137
"TG 62_4",1541.08910829682,2279.23532246581,3129.69971796825,2117.41134444901,3465.96257684991,2227.83847466196,7761.56073148846,2931.00125011162
"TG 46_1",10871.1086945871,6214.74897190306,3312.08530063188,7521.44196042592,4038.99551503691,10401.9637199263,2156.37942301987,4038.99551503691
"TG 40_0",3896.55084432167,6579.47330809975,17160.2916295025,6932.73372785614,5564.1832631553,4227.6771360103,6692.01843259977,6476.05039304402
"TG 58_1",3611.62470660732,7992.42248318314,10401.9637199263,3236.3323336149,9761.45001253696,3817.60194751852,10584.6427257966,9416.59510423303
"TG 60_0",550.218683648402,400.502370768594,664.964195031568,597.438130830255,1644.53154884249,729.589226984527,830.629705806644,946.715805137213
"CL 78_9",179588.806763646,196405.97373739,171723.685831767,236462.798086906,110471.618496811,110471.618496811,110471.618496811,114501.403857177
"CL 78_3",31473.6033999022,39753.2669034259,28813.3682882116,42950.0723808611,25925.7423747668,24616.4322783122,28813.3682882116,29964.1546712459
"CL 74_5",110471.618496811,130880.863713196,78464.2237823794,130880.863713196,152676.412220418,119770.52509178,152676.412220418,110471.618496811
"CL 72_4",21086.8526912281,27122.9843369021,15931.8586400006,36354.9159964298,22683.9534825369,25062.284156691,28015.7074069478,25925.7423747668
"CL 68_2",15601.5695296592,13180.3502068322,12358.2645876077,14071.8007986438,12177.1928472267,16515.3439193926,13363.4445679901,13569.784100171
"CL 68_1",12969.1129568108,6372.29735398687,5194.87737512212,10673.8243261561,16208.6130793991,6372.29735398687,6071.79522141724,8814.47368964092
"CL 74_9",24616.4322783122,25925.7423747668,24616.4322783122,26313.9159310132,12358.2645876077,16208.6130793991,15345.8988513416,19030.0475696646
"CL 68_3",4184.69175041108,4613.18521493084,8949.7948344467,7927.96935576138,6815.41497814529,3818.10381542193,5292.76506939898,5412.02058138438
"CL 78_4",25502.8161411351,14519.0980148526,17507.9758197095,12751.153725333,15601.5695296592,10448.3722544323,16515.3439193926,14251.0994921284
"CL 78_0",13876.793595145,11561.5719533692,10241.2889150012,13876.793595145,8310.42259335373,11171.9478555076,8625.25146929395,10673.8243261561
"CL 66_3",3563.60496531518,4781.57060390132,4781.57060390132,5051.1792247438,3059.62383423222,3458.07748400679,4264.78974533633,3361.27529169851
"CL 70_5",25062.284156691,29964.1546712459,34322.6206274081,30453.768698317,23035.2848964181,28015.7074069478,23035.2848964181,28015.7074069478
"CL 78_12",4781.57060390132,7818.54857559949,5561.4229882619,3818.10381542193,10673.8243261561,4508.39218302632,7340.04752523535,4383.59365387204
"CL 80_1",37628.3782584958,61872.0374209438,43835.9015892823,78464.2237823794,92740.7642906418,68608.4430136956,70730.1969357087,70730.1969357087
"CL 80_9",10448.3722544323,10673.8243261561,5687.96720897325,9754.61316183831,6486.19124158297,8625.25146929395,4383.59365387204,16751.1926686631
"CL 74_7",89112.4722176231,85954.383529263,54873.3666745243,92740.7642906418,65687.9465094181,85954.383529263,106651.16926057,103388.286888888
"CL 82_11",43835.9015892823,42950.0723808611,56431.8450899166,54873.3666745243,68608.4430136956,54873.3666745243,47956.0388727718,47956.0388727718
"CL 76_2",2773.91224205307,2965.18177246721,845.850645225801,2182.94380393466,2313.84172956998,2862.23759150775,2313.84172956998,2313.84172956998
"CL 82_9",13180.3502068322,13569.784100171,9970.05125702558,15601.5695296592,13180.3502068322,10075.4593686747,11755.0603845064,11381.1307880834
"CL 66_2",3361.27529169851,4073.49907820477,3563.60496531518,4613.18521493084,13876.793595145,4700.81622837753,2668.09332669709,3161.69174191271
"CL 78_2",1890.33504103927,1568.52055271757,1713.03307509823,2098.03097835884,3161.69174191271,1206.65163036771,1713.03307509823,2182.94380393466
"CL 70_4",1045.87865918198,1045.87865918198,1373.23925325051,3458.07748400679,1568.52055271757,549.57330418908,1890.33504103927,1045.87865918198
"PA 36_1",130880.863713196,215478.758671877,215478.758671877,171723.685831767,103388.286888888,145016.709992722,179588.806763646,236462.798086906
"PA 40_5",19862.4935558531,44959.177637981,40439.0956549891,37031.6151083174,26664.9913337597,37031.6151083174,29964.1546712459,34322.6206274081
"PA 36_2",24139.7853219615,49426.6205339038,38292.5297965228,30879.424633017,19549.0215960337,26313.9159310132,42088.4290996434,53149.726979024
"PA 20_2",11171.9478555076,3818.10381542193,3956.27180614966,6372.29735398687,5803.66164343117,5928.85669735992,4073.49907820477,7499.1073540432
"PA 42_7",8310.42259335373,15931.8586400006,15129.4839237294,11381.1307880834,8441.74201884678,7340.04752523535,11979.0763139976,14793.2707969094
"PA 42_4",19549.0215960337,16208.6130793991,16515.3439193926,18213.9992264873,11028.6904885808,17045.5239896322,15601.5695296592,18807.806355581
"PA 44_1",4700.81622837753,11755.0603845064,6486.19124158297,11171.9478555076,6372.29735398687,5803.66164343117,10673.8243261561,9395.66994899383
"PA 38_4",21811.9030810522,68608.4430136956,44959.177637981,39108.3406714006,31473.6033999022,36354.9159964298,40439.0956549891,46023.4676001149
"PA 40_6",10853.1213565757,24616.4322783122,19549.0215960337,16751.1926686631,14071.8007986438,13180.3502068322,17699.2993023895,17302.2458155468
"PA 38_3",13363.4445679901,41416.8562476669,36354.9159964298,25502.8161411351,26313.9159310132,22158.3532952268,39108.3406714006,54873.3666745243
"PA 34_2",1206.65163036771,3161.69174191271,3361.27529169851,1713.03307509823,1810.10979448577,1810.10979448577,2098.03097835884,845.850645225801
"PA 34_0",549.57330418908,1810.10979448577,1206.65163036771,845.850645225801,2773.91224205307,3956.27180614966,2773.91224205307,2555.66042200797
"PG 36_1",68608.4430136956,43835.9015892823,35088.6516005608,47956.0388727718,54873.3666745243,41416.8562476669,43835.9015892823,49426.6205339038
"PG 36_4",1810.10979448577,4264.78974533633,6648.90620544533,2862.23759150775,7639.07739673514,4884.69233519555,6486.19124158297,2862.23759150775
"PG 34_1",26664.9913337597,26313.9159310132,49426.6205339038,35667.5435096764,23373.314098716,26664.9913337597,35667.5435096764,28482.514167071
"PG 38_6",6372.29735398687,15601.5695296592,8441.74201884678,14251.0994921284,8814.47368964092,9220.82713010208,12969.1129568108,6372.29735398687
"PG 32_0",6486.19124158297,7058.13048967822,4073.49907820477,5687.96720897325,6242.55160387247,8949.7948344467,9220.82713010208,10241.2889150012
"PG 40_7",5051.1792247438,3563.60496531518,4184.69175041108,3266.55563709806,4508.39218302632,3059.62383423222,4508.39218302632,4264.78974533633
"PG 40_8",2668.09332669709,2182.94380393466,1890.33504103927,2773.91224205307,3818.10381542193,4073.49907820477,2965.18177246721,5687.96720897325
"PG 36_3",6939.99498851855,4884.69233519555,3818.10381542193,5928.85669735992,7818.54857559949,2773.91224205307,12751.153725333,6648.90620544533
"PG 38_3",1713.03307509823,2098.03097835884,4884.69233519555,2965.18177246721,5412.02058138438,4184.69175041108,3637.67333924293,4700.81622837753
"PG 36_2",12751.153725333,21811.9030810522,25502.8161411351,12969.1129568108,25062.284156691,21086.8526912281,29420.0550852026,15345.8988513416
"PI 38_3",85954.383529263,106651.16926057,196405.97373739,124855.216015847,327808.334469712,275364.201280237,236462.798086906,275364.201280237
"PI 34_2",17942.6912581263,22384.0875118869,32541.3497288567,21811.9030810522,43835.9015892823,38292.5297965228,41416.8562476669,25502.8161411351
"PI 40_6",18807.806355581,25062.284156691,27529.3850202183,22384.0875118869,57594.0541633889,47956.0388727718,35088.6516005608,28813.3682882116
"PI 38_5",31966.9144735463,40439.0956549891,53149.726979024,42088.4290996434,49426.6205339038,43835.9015892823,51571.0048469774,39108.3406714006
"PI 36_1",22384.0875118869,17507.9758197095,57594.0541633889,29420.0550852026,96225.2597382464,65687.9465094181,58992.9160693775,35088.6516005608
"PI 32_1",9220.82713010208,10853.1213565757,14793.2707969094,8949.7948344467,11979.0763139976,11755.0603845064,12358.2645876077,11561.5719533692
"PI 36_3",12177.1928472267,16515.3439193926,25062.284156691,19030.0475696646,33089.2200165463,28482.514167071,28482.514167071,23789.3965571145
"PI 40_4",15345.8988513416,16751.1926686631,27122.9843369021,16515.3439193926,36354.9159964298,25925.7423747668,25925.7423747668,20223.4292349347
"PI 40_5",11381.1307880834,4508.39218302632,17699.2993023895,9220.82713010208,20514.1237999657,18547.9058154345,10853.1213565757,15129.4839237294
"PI 40_7",2421.56955059548,3266.55563709806,3059.62383423222,3956.27180614966,3458.07748400679,2313.84172956998,4613.18521493084,4508.39218302632
"PS 36_3",25925.7423747668,24139.7853219615,28482.514167071,22158.3532952268,44959.177637981,40439.0956549891,37031.6151083174,44959.177637981
"PS 38_3",60432.4767451606,64671.8126144188,84281.5923130177,67148.1947615569,134159.094371464,105019.728074729,94483.0120144441,87533.427873443
"PS 40_5",64671.8126144188,55652.6058822205,90926.6182541324,50958.8981491404,81822.7963070277,79750.5076498312,62763.8580701816,62763.8580701816
"PS 34_2",14251.0994921284,14793.2707969094,16208.6130793991,12358.2645876077,14251.0994921284,18213.9992264873,15129.4839237294,9220.82713010208
"PS 42_2",101576.582626584,90926.6182541324,157623.35545349,97995.0690512632,225970.778379391,187997.390250518,141227.017511228,157623.35545349
"PS 44_3",11867.068349252,11276.5393217955,10763.4728413659,11658.3161689378,19166.0794080745,20042.9613953939,18078.3452423068,17820.9952802579
"PS 42_8",34322.6206274081,25502.8161411351,47956.0388727718,33659.0022725129,47956.0388727718,47003.7793471147,39753.2669034259,36354.9159964298
"PS 40_4",48691.3297033378,30666.596665667,50958.8981491404,60432.4767451606,46513.6234736148,45491.3226190479,37960.4540275093,40096.1812792075
"PS 44_2",9479.72488773723,9862.33220943195,8719.86257946743,9479.72488773723,10158.374141838,12078.1345806121,7728.81298616731,12860.1333410719
"PS 38_6",5292.76506939898,6071.79522141724,7639.07739673514,4184.69175041108,3732.48207701898,4781.57060390132,5561.4229882619,7058.13048967822
"PS 44_12",9093.87970856546,12592.5251171284,14071.8007986438,8625.25146929395,7340.04752523535,9970.05125702558,12177.1928472267,8310.42259335373
"PS 42_4",71847.2357963691,58293.4851163832,60432.4767451606,57012.9496266528,22271.2204035569,22859.6191894775,54011.5468267742,33374.1111445296
"PS 38_2",45491.3226190479,46513.6234736148,46513.6234736148,46513.6234736148,40927.975951328,32254.1321012015,49886.7059926036,41752.6426736551
"PS 40_7",15931.8586400006,21446.4485969016,23035.2848964181,26664.9913337597,20223.4292349347,19302.1112464844,17507.9758197095,20746.6150297789
"PS 36_4",5803.66164343117,5292.76506939898,6815.41497814529,549.57330418908,8110.13279501548,7058.13048967822,11028.6904885808,3563.60496531518
"PS 38_5",16751.1926686631,19862.4935558531,12177.1928472267,11979.0763139976,11171.9478555076,20746.6150297789,7499.1073540432,12177.1928472267
"PS 42_1",4383.59365387204,8310.42259335373,13569.784100171,3161.69174191271,24616.4322783122,17507.9758197095,9563.77982648063,13363.4445679901
"PS 44_11",6815.41497814529,8110.13279501548,7499.1073540432,7499.1073540432,6648.90620544533,6939.99498851855,10448.3722544323,10075.4593686747
"PS 34_1",54873.3666745243,31966.9144735463,65687.9465094181,28813.3682882116,124855.216015847,53149.726979024,36354.9159964298,57594.0541633889
"PS 36_1",17302.2458155468,22683.9534825369,22158.3532952268,17045.5239896322,23789.3965571145,29964.1546712459,75321.2745069666,11979.0763139976
