"Lipid","Ctrl_BTBR_ob._2316","Ctrl_BTBR_ob._2317","Ctrl_BTBR_ob._2318","Ctrl_BTBR_ob._2320","HF_BTBR_ob._2329","HF_BTBR_ob._2331","HF_BTBR_ob._2333","HF_BTBR_ob._2334"
"CE 16_2",85.7070415368658,440.860440874608,274.601658013218,306.09485313677,2723.50919798186,274.601658013218,504.415032282568,46.2231406157872
"CE 22_6",2274.48627613108,5553.65304921028,3724.27361308008,7521.65635821746,4014.82300635148,6481.37711101783,6112.19420364619,4523.81938229584
"CE 16_0",2888.20130516259,3148.91292249763,3234.7581157626,4014.82300635148,5078.54572133119,3606.73631201073,4851.37058862409,4266.05355737087
"CE 18_2",17289.7904010003,31044.5978948227,19058.258001601,45075.3780566745,10617.2889325545,36831.9509883591,49734.025777868,25140.6987545294
"CE 18_1",30343.1142901674,36831.9509883591,36831.9509883591,57656.0640663599,47939.3302360704,62976.8967742018,69043.8616110691,49734.025777868
"DG 42_9",29098.7429507766,21359.6461597065,13265.0160448372,14136.5796460737,5597.29459016579,24440.1162705759,19565.0653679824,31780.529422496
"DG 40_3",28220.663034298,10940.7823372663,10940.7823372663,9235.46056029495,15763.3687217144,22806.8163709131,16638.9186889241,35356.0511854785
"DG 44_10",17931.284221945,23285.0086005339,20489.9222612137,20489.9222612137,13013.8554366387,21955.3065881794,22806.8163709131,28220.663034298
"DG 36_5",172072.500201358,84833.5770545398,40473.1871602372,51163.9308922764,51163.9308922764,67001.4355209511,62976.8967742018,88449.4122228755
"DG 34_4",26954.2584921167,10828.7381983571,3640.97872960073,7921.04733750395,19282.3501521796,10114.6473977691,7717.57215669645,13573.8301418147
"DG 38_1",36018.5583491844,19282.3501521796,24440.1162705759,9929.8943000495,31780.529422496,35356.0511854785,16923.0401716664,51163.9308922764
"DG 42_6",15576.6245390726,14136.5796460737,7830.0347096027,12859.732335181,9929.8943000495,17289.7904010003,20917.2201021667,24440.1162705759
"DG 26_2",1310.71857019807,1066.27728321814,680.550564802879,835.146637849803,1784.75471519342,1356.2504283063,1558.90651857971,1659.52222452611
"DG 30_0",11514.8733047935,5734.19565769063,4851.37058862409,4033.57837199241,17289.7904010003,7446.47496056903,5734.19565769063,4917.30150840707
"DG 42_5",6568.74646067273,3933.98877819309,3757.47925791549,2855.25124036555,4690.18976199036,4851.37058862409,4315.69286789868,10828.7381983571
"DG 40_1",5234.7527711077,2746.29622424888,4156.4876883499,2324.59129354116,4071.23124662213,5450.01206490267,3825.95664015282,14136.5796460737
"DG 42_2",3098.33124903292,2253.41289796525,1861.51048336748,1422.03743606239,2296.18709518999,2819.37281518542,2933.8102000047,4033.57837199241
"DG 40_2",20110.2922438145,6615.97621860381,8253.97862949947,5553.65304921028,20917.2201021667,13933.4216065439,8352.8966901949,25840.7899752339
"DG 30_1",2412.99157743283,1181.43716573132,556.009742992647,1066.27728321814,11052.2513510666,926.677194824214,1310.71857019807,951.55816296729
"DG 36_0",9807.58199609661,7347.37161177832,6415.46529542456,4606.09519097871,7446.47496056903,8031.41988129279,5113.24138632024,11970.1854289872
"DG 30_2",2723.50919798186,2412.99157743283,1409.42199173385,2888.20130516259,4363.53746106577,2274.48627613108,2412.99157743283,3021.7095752333
"DG 34_0",2194.55021318974,2990.93669150468,2296.18709518999,2349.87217094041,3178.84755895613,2763.26955216501,2296.18709518999,2238.01365217653
"DG 44_9",4917.30150840707,3582.78283814596,2178.01478957907,2792.16641440127,2238.01365217653,3098.33124903292,4523.81938229584,7347.37161177832
"DG 36_6",14781.3594675502,10042.6537131761,5499.30928878379,7248.00547219934,3968.82427597725,7717.57215669645,7588.59786689119,13439.3075427741
"DG 30_3",1925.48406474703,1925.48406474703,756.675442748719,1295.87866096083,440.860440874608,1214.09548181217,1640.88491618403,2711.87506641911
"DG 38_0",2296.18709518999,1295.87866096083,1236.73503590444,1160.54267482823,1683.81788655123,1160.54267482823,2349.87217094041,2651.01698708592
"DG 32_6",504.415032282568,492.551333941507,348.253380980336,1236.73503590444,492.551333941507,492.551333941507,440.860440874608,2349.87217094041
"DG 42_3",3055.71176991106,1333.1413460065,1967.98764251771,1489.26020830246,1897.22557948763,2063.34429872961,2194.55021318974,4566.45164615393
"DG 44_6",1841.90731019952,504.415032282568,772.591738737534,792.668621563319,926.677194824214,967.493285690812,1333.1413460065,4955.23892055682
"DG 40_9",8590.10472840768,5003.92710488384,2711.87506641911,2497.42925529389,528.195474843724,4071.23124662213,2463.72976106722,4387.32715422547
"DG 44_8",3933.98877819309,3414.40905155836,2216.95286968574,3148.91292249763,2165.41334899486,3234.7581157626,2599.2538413481,4071.23124662213
"DG 28_2",1967.98764251771,1356.2504283063,1310.71857019807,2082.10089015757,1181.43716573132,1422.03743606239,1295.87866096083,2253.41289796525
"DG 42_1",865.405251708266,1535.07870355577,730.332756594138,951.55816296729,1967.98764251771,2497.42925529389,1578.23701615733,2990.93669150468
"DG 26_1",254.771202212389,254.771202212389,492.551333941507,229.267379420074,46.2231406157872,568.856072751554,865.405251708266,468.636942619916
"lysoPC 18_2",21359.6461597065,30343.1142901674,26954.2584921167,39263.3205847908,39263.3205847908,39263.3205847908,32856.9614001071,41464.3178917538
"lysoPC 22_4",7099.42489676729,5806.58241784265,9503.48399080236,12617.9747302927,15290.4228561396,8352.8966901949,7099.42489676729,11389.5918535874
"lysoPC 20_1",14421.4546845661,11746.80878921,18520.3363245616,26384.9106305458,114985.666182594,33432.963019786,17931.284221945,23994.8989578161
"lysoPC 24_1",2349.87217094041,2150.65085523474,2792.16641440127,2444.07630078938,3461.41157137891,2384.9094953177,1841.90731019952,1925.48406474703
"lysoPC 22_0",544.221336627261,1202.8325934515,1841.90731019952,1099.35468823432,556.009742992647,792.668621563319,772.591738737534,1356.2504283063
"lysoPC 16_0",3757.47925791549,5351.22997895585,4481.91145131831,6737.60235618507,6615.97621860381,9430.7525966114,13933.4216065439,10441.8264587194
"lysoPC 20_0",2631.50820672498,3178.84755895613,4757.69518913288,4690.18976199036,2954.96209743807,3461.41157137891,4481.91145131831,9315.48313178483
"lysoPC 16_1",2016.78089022534,792.668621563319,1160.54267482823,1610.30246045259,5113.24138632024,2165.41334899486,816.88161587436,2216.95286968574
"lysoPC 26_1",556.009742992647,772.591738737534,698.43541324027,528.195474843724,865.405251708266,652.014498258233,1032.09039381935,865.405251708266
"lysoPC 22_1",2324.59129354116,2121.38240169709,2121.38240169709,1861.51048336748,2990.93669150468,1925.48406474703,2526.69052478253,2549.09651182585
"lysoPC 24_0",1066.27728321814,1640.88491618403,2038.85933672195,1823.57856873329,1448.70921663382,1558.90651857971,2038.85933672195,1517.57027202074
"lysoPC 18_0",1470.78612428839,2819.37281518542,2063.34429872961,2296.18709518999,2016.78089022534,3640.97872960073,3512.76359261794,3640.97872960073
"lysoPC 18_3",1099.35468823432,671.690912655492,1032.09039381935,671.690912655492,1558.90651857971,680.550564802879,625.945831006615,1448.70921663382
"lysoPC 24_4",274.601658013218,1448.70921663382,982.897086953587,625.945831006615,1578.23701615733,816.88161587436,652.014498258233,1202.8325934515
"lysoPE 18_1",49734.025777868,112487.691855353,127606.714026263,161088.750012994,208716.393441901,192407.087625631,114985.666182594,155894.155542305
"lysoPE 20_4",79213.7221080975,127606.714026263,137574.586366284,177440.178067119,261622.123674963,172072.500201358,137574.586366284,216947.980412317
"lysoPE 16_1",2576.24005045038,3055.71176991106,2526.69052478253,3757.47925791549,7347.37161177832,2576.24005045038,2497.42925529389,2792.16641440127
"lysoPE 18_3",772.591738737534,982.897086953587,865.405251708266,772.591738737534,1356.2504283063,1593.08427456051,926.677194824214,1640.88491618403
"lysoPE 22_4",2526.69052478253,2599.2538413481,3178.84755895613,2990.93669150468,4108.57150185707,3684.63961635496,3073.38796754991,5677.53512080746
"lysoPE 20_1",3263.31706892546,3263.31706892546,5003.92710488384,5351.22997895585,10234.0226500262,7921.04733750395,3871.3772013047,5078.54572133119
"lysoPE 22_6",2238.01365217653,3234.7581157626,3606.73631201073,4431.89536826276,4156.4876883499,4156.4876883499,3791.74057775684,4108.57150185707
"lysoPE 16_0",4108.57150185707,6481.37711101783,8590.10472840768,9315.48313178483,9116.96634196858,7347.37161177832,7181.06267139208,8352.8966901949
"lysoPE 18_0",4566.45164615393,6112.19420364619,10441.8264587194,4523.81938229584,6212.89145658457,9116.96634196858,6271.41537921545,5499.30928878379
"lysoPE 20_2",1861.51048336748,2792.16641440127,2253.41289796525,2914.5716884683,2711.87506641911,3307.77124437562,1823.57856873329,2746.29622424888
"lysoPE 20_0",468.636942619916,528.195474843724,671.690912655492,816.88161587436,1593.08427456051,1008.0225270837,1099.35468823432,568.856072751554
"MG 18_1",13013.8554366387,17931.284221945,21359.6461597065,21359.6461597065,42603.1113185256,23285.0086005339,28220.663034298,42603.1113185256
"MG 18_0",2178.01478957907,2723.50919798186,1784.75471519342,2576.24005045038,2914.5716884683,3204.28483972103,2819.37281518542,3825.95664015282
"MG 22_4",1181.43716573132,816.88161587436,1823.57856873329,1535.07870355577,698.43541324027,1066.27728321814,1535.07870355577,2914.5716884683
"MG 18_4",1422.03743606239,926.677194824214,2107.3595663576,2107.3595663576,1333.1413460065,1744.8986397575,899.044413759908,1409.42199173385
"MG 20_2",698.43541324027,1409.42199173385,835.146637849803,1333.1413460065,671.690912655492,1841.90731019952,1470.78612428839,2576.24005045038
"MG 16_1",926.677194824214,1992.79957348893,468.636942619916,556.009742992647,4266.05355737087,899.044413759908,568.856072751554,982.897086953587
"PC 34_3",7322307.06177037,7322307.06177037,7322307.06177037,7322307.06177037,7322307.06177037,7322307.06177037,7322307.06177037,7322307.06177037
"PC 38_7",1868490.06904269,1258989.27548095,2085781.36793071,2085781.36793071,3118936.40300598,1258989.27548095,1868490.06904269,1043151.80276023
"PC 32_2",434131.974478271,288542.857786893,529715.359791516,572746.335508999,640563.219152152,396714.381841279,529715.359791516,552068.08035453
"PC 44_12",10713.8014338532,26384.9106305458,29098.7429507766,27466.5295318216,65411.1871387707,31044.5978948227,31780.529422496,26384.9106305458
"PC 40_5",288542.857786893,529715.359791516,497287.806887986,461722.822044454,932760.278094542,497287.806887986,497287.806887986,249489.198769068
"PC 34_4",461722.822044454,249489.198769068,483227.516564253,552068.08035453,483227.516564253,288542.857786893,333527.230997889,434131.974478271
"PC 40_8",1624404.53028459,2312439.64183552,3118936.40300598,3118936.40300598,2085781.36793071,3118936.40300598,2312439.64183552,2085781.36793071
"PC 36_5",34344.8502303868,26954.2584921167,51163.9308922764,47939.3302360704,67001.4355209511,31780.529422496,37606.8448428336,14781.3594675502
"PC 40_4",9929.8943000495,5894.31053216795,5553.65304921028,7588.59786689119,6415.46529542456,10828.7381983571,4566.45164615393,3684.63961635496
"PC 38_0",4315.69286789868,4658.99882366799,12617.9747302927,10114.6473977691,4523.81938229584,3825.95664015282,9003.97914838529,9116.96634196858
"PC 44_7",4156.4876883499,3442.63663383301,3548.58298124476,3933.98877819309,4658.99882366799,6415.46529542456,3548.58298124476,3871.3772013047
"PC 30_3",671.690912655492,556.009742992647,440.860440874608,1214.09548181217,504.415032282568,982.897086953587,608.179116249848,556.009742992647
"PC 36_4",4014.82300635148,10114.6473977691,9632.81766929046,14421.4546845661,4315.69286789868,6568.74646067273,14953.6999839701,15290.4228561396
"PC 40_9",2792.16641440127,3307.77124437562,1992.79957348893,3055.71176991106,6737.60235618507,3724.27361308008,2763.26955216501,2133.5277537567
"PC 30_2",792.668621563319,1160.54267482823,967.493285690812,1032.09039381935,1422.03743606239,671.690912655492,492.551333941507,1310.71857019807
"PC 42_5",45075.3780566745,73104.0557603158,69043.8616110691,79213.7221080975,59201.6588274221,73104.0557603158,97796.0749756159,67001.4355209511
"PC 18_0",2384.9094953177,2063.34429872961,2723.50919798186,6376.40094562033,2668.93604567935,2723.50919798186,2990.93669150468,3204.28483972103
"PC 40_7",238600.25151464,461722.822044454,261622.123674963,434131.974478271,839560.346929273,552068.08035453,261622.123674963,152762.719740033
"PC 42_11",4851.37058862409,7446.47496056903,4917.30150840707,5677.53512080746,7099.42489676729,9503.48399080236,6018.64947411107,3757.47925791549
"PC 42_10",2990.93669150468,6271.41537921545,6018.64947411107,4566.45164615393,5734.19565769063,8098.19161660726,4606.09519097871,3461.41157137891
"PC 32_4",1823.57856873329,1683.81788655123,1356.2504283063,2668.93604567935,2549.09651182585,1129.8513077015,1517.57027202074,2463.72976106722
"PC 28_0",2082.10089015757,1841.90731019952,2668.93604567935,4266.05355737087,3021.7095752333,1489.26020830246,2133.5277537567,2412.99157743283
"PC 42_6",113736.679018974,102385.887161319,184923.632846375,139887.822674895,90113.0701657466,148713.230446021,200561.740533766,174756.339134239
"PC 38_6",11883.0535993216,7921.04733750395,3414.40905155836,9503.48399080236,16638.9186889241,12859.732335181,10114.6473977691,6271.41537921545
"PC 34_5",6944.29567652905,11883.0535993216,15576.6245390726,11633.1525248554,12617.9747302927,9003.97914838529,12859.732335181,9807.58199609661
"PC 26_1",229.267379420074,306.09485313677,254.771202212389,254.771202212389,306.09485313677,46.2231406157872,178.754791908948,254.771202212389
"PC 40_10",1214.09548181217,1236.73503590444,2016.78089022534,2216.95286968574,3340.27121100111,1310.71857019807,1593.08427456051,1032.09039381935
"PC 32_1",1129.8513077015,1578.23701615733,2576.24005045038,2121.38240169709,3414.40905155836,1517.57027202074,951.55816296729,1333.1413460065
"PC 38_4",5078.54572133119,4033.57837199241,5677.53512080746,3488.07484525728,5806.58241784265,5597.29459016579,5078.54572133119,2165.41334899486
"PC 32_3",2216.95286968574,899.044413759908,2150.65085523474,1744.8986397575,1823.57856873329,1376.14463056216,1422.03743606239,1376.14463056216
"PC 42_7",9430.7525966114,4809.58357481659,6112.19420364619,7347.37161177832,5894.31053216795,8253.97862949947,4809.58357481659,3124.45974486288
"PC 32_5",835.146637849803,730.332756594138,1129.8513077015,492.551333941507,1409.42199173385,388.959228370039,1129.8513077015,1129.8513077015
"PC 32_0",9003.97914838529,12617.9747302927,9116.96634196858,11286.2522497817,7521.65635821746,14781.3594675502,8098.19161660726,8806.42203184084
"PC 40_1",8031.41988129279,6944.29567652905,9235.46056029495,4955.23892055682,12371.1538903283,6737.60235618507,11633.1525248554,12371.1538903283
"PC 20_2",1578.23701615733,1422.03743606239,1333.1413460065,2954.96209743807,1744.8986397575,1409.42199173385,1967.98764251771,1841.90731019952
"PC 44_11",3340.27121100111,4266.05355737087,2855.25124036555,5169.20242420531,8461.29006782076,3381.53356686189,2107.3595663576,1992.79957348893
"PC 40_0",6827.72317715027,9430.7525966114,5806.58241784265,9116.96634196858,5351.22997895585,4606.09519097871,10042.6537131761,11286.2522497817
"PC 24_6",816.88161587436,1032.09039381935,1275.09920477369,2165.41334899486,1310.71857019807,1236.73503590444,1711.36237044589,1099.35468823432
"PC 30_4",411.857620228863,178.754791908948,229.267379420074,348.253380980336,274.601658013218,411.857620228863,254.771202212389,178.754791908948
"PC 42_9",38237.6486797862,55951.1004690342,122669.923299236,120923.941238811,152762.719740033,134895.775914482,112487.691855353,69043.8616110691
"PC 44_6",5351.22997895585,4315.69286789868,4523.81938229584,4108.57150185707,3263.31706892546,7181.06267139208,5450.01206490267,6112.19420364619
"PC 30_0",2165.41334899486,608.179116249848,1202.8325934515,1517.57027202074,2599.2538413481,1099.35468823432,1659.52222452611,772.591738737534
"PC 30_1",1448.70921663382,2549.09651182585,2651.01698708592,2526.69052478253,3073.38796754991,2082.10089015757,2914.5716884683,1897.22557948763
"PC 16_1",1376.14463056216,2107.3595663576,2366.94818681383,3512.76359261794,3757.47925791549,3263.31706892546,2178.01478957907,3098.33124903292
"PC 38_1",7521.65635821746,7181.06267139208,7921.04733750395,5113.24138632024,6481.37711101783,5169.20242420531,9116.96634196858,6568.74646067273
"PC 38_8",2651.01698708592,1823.57856873329,1295.87866096083,2178.01478957907,2651.01698708592,1711.36237044589,1861.51048336748,1470.78612428839
"PC 28_2",306.09485313677,274.601658013218,178.754791908948,274.601658013218,388.959228370039,306.09485313677,388.959228370039,528.195474843724
"PC 42_1",3724.27361308008,2855.25124036555,3263.31706892546,4156.4876883499,5003.92710488384,4658.99882366799,4955.23892055682,5113.24138632024
"PC 40_6",3791.74057775684,4523.81938229584,2412.99157743283,2775.60599579203,3098.33124903292,4315.69286789868,2954.96209743807,2723.50919798186
"PC 46_7",967.493285690812,1008.0225270837,1099.35468823432,1275.09920477369,1202.8325934515,1659.52222452611,1066.27728321814,899.044413759908
"PC 12_0",899.044413759908,1470.78612428839,926.677194824214,680.550564802879,568.856072751554,504.415032282568,468.636942619916,608.179116249848
"PC 22_4",2497.42925529389,1711.36237044589,1659.52222452611,3414.40905155836,1470.78612428839,1784.75471519342,1610.30246045259,1683.81788655123
"PC 38_9",608.179116249848,1214.09548181217,6944.29567652905,1129.8513077015,12859.732335181,625.945831006615,528.195474843724,730.332756594138
"plasmenyl-PC 18_0",25140.6987545294,47939.3302360704,36018.5583491844,59201.6588274221,161088.750012994,91776.7281086178,60851.666002477,104304.520528438
"plasmenyl-PC 40_4",1295.87866096083,1376.14463056216,792.668621563319,1448.70921663382,982.897086953587,254.771202212389,1744.8986397575,1066.27728321814
"plasmenyl-PC 36_4",2107.3595663576,1610.30246045259,1744.8986397575,2063.34429872961,2038.85933672195,3055.71176991106,2444.07630078938,1784.75471519342
"PE 36_0",781553.073521248,839560.346929273,932760.278094542,932760.278094542,529715.359791516,839560.346929273,932760.278094542,781553.073521248
"PE 38_3",602758.534037015,707691.054467675,839560.346929273,677637.045698538,461722.822044454,677637.045698538,781553.073521248,677637.045698538
"PE 34_1",21955.3065881794,37606.8448428336,41464.3178917538,31044.5978948227,74711.6316580016,26954.2584921167,33432.963019786,29098.7429507766
"PE 34_3",10617.2889325545,8651.41735427099,14136.5796460737,20110.2922438145,32856.9614001071,6827.72317715027,11389.5918535874,8461.29006782076
"PE 38_2",137574.586366284,208716.393441901,223228.131089919,208716.393441901,192407.087625631,216947.980412317,249489.198769068,230578.728667732
"PE 36_1",192407.087625631,238600.25151464,288542.857786893,249489.198769068,396714.381841279,249489.198769068,396714.381841279,238600.25151464
"PE 42_8",9315.48313178483,19058.258001601,16137.634013348,21955.3065881794,20489.9222612137,16923.0401716664,19058.258001601,10234.0226500262
"PE 40_9",18520.3363245616,34344.8502303868,54129.4581072229,41464.3178917538,37606.8448428336,28220.663034298,39263.3205847908,35029.180799929
"PE 40_7",3428.52284269569,1754.09883697032,7396.92328617367,5956.48000313951,6323.90816241789,6065.42183887863,6448.4212032212,5201.9775976565
"PE 40_3",35356.0511854785,46168.3328830869,71392.0823432206,55951.1004690342,23285.0086005339,57656.0640663599,73104.0557603158,97796.0749756159
"PE 42_10",23285.0086005339,35029.180799929,38237.6486797862,38237.6486797862,41464.3178917538,46168.3328830869,29098.7429507766,32856.9614001071
"PE 40_2",22806.8163709131,14781.3594675502,18166.6226030207,17289.7904010003,13439.3075427741,18166.6226030207,23994.8989578161,21359.6461597065
"PE 38_5",11389.5918535874,6376.40094562033,13013.8554366387,10940.7823372663,18166.6226030207,21359.6461597065,20489.9222612137,6986.65352454895
"PE 44_5",2819.37281518542,2133.5277537567,2888.20130516259,2194.55021318974,4757.69518913288,2366.94818681383,3055.71176991106,3488.07484525728
"PE 34_4",1763.29903418314,2576.24005045038,2954.96209743807,3073.38796754991,1841.90731019952,1578.23701615733,3124.45974486288,2324.59129354116
"PE 42_3",4375.43230764562,2924.1909442365,3360.9023889315,3249.03759234403,6886.00942683966,4783.63938197474,3249.03759234403,3360.9023889315
"PE 36_4",1489.26020830246,2082.10089015757,1763.29903418314,3021.7095752333,2082.10089015757,2349.87217094041,4033.57837199241,2954.96209743807
"PE 44_12",14953.6999839701,28820.2915305852,35029.180799929,32856.9614001071,20110.2922438145,20110.2922438145,17674.5104604884,17289.7904010003
"PE 32_0",3684.63961635496,3548.58298124476,3021.7095752333,3442.63663383301,2763.26955216501,2711.87506641911,3684.63961635496,2366.94818681383
"PE 38_4",11970.1854289872,17674.5104604884,17931.284221945,10234.0226500262,11633.1525248554,19282.3501521796,11970.1854289872,9632.81766929046
"PE 38_7",2150.65085523474,2366.94818681383,2775.60599579203,3178.84755895613,2194.55021318974,2888.20130516259,3968.82427597725,3073.38796754991
"PE 40_1",4071.23124662213,3488.07484525728,5597.29459016579,3098.33124903292,1295.87866096083,3148.91292249763,4658.99882366799,3548.58298124476
"PE 40_5",104304.520528438,216947.980412317,216947.980412317,165485.017869633,230578.728667732,155894.155542305,223228.131089919,333527.230997889
"plasmenyl-PE 38_4",529715.359791516,640563.219152152,617832.694707222,640563.219152152,333527.230997889,640563.219152152,677637.045698538,602758.534037015
"plasmenyl-PE 36_2",18166.6226030207,20917.2201021667,31780.529422496,36018.5583491844,22806.8163709131,30343.1142901674,35029.180799929,30343.1142901674
"plasmenyl-PE 38_6",91776.7281086178,137574.586366284,147512.648350628,192407.087625631,130875.367426132,142201.058983506,142201.058983506,112487.691855353
"plasmenyl-PE 40_6",122669.923299236,161088.750012994,155894.155542305,216947.980412317,120923.941238811,161088.750012994,216947.980412317,149913.812541413
"plasmenyl-PE 38_5",35029.180799929,36018.5583491844,25840.7899752339,31780.529422496,36831.9509883591,36018.5583491844,34344.8502303868,27466.5295318216
"plasmenyl-PE 34_1",13439.3075427741,12859.732335181,16398.9150415773,17674.5104604884,26384.9106305458,17931.284221945,15290.4228561396,14953.6999839701
"plasmenyl-PE 38_2",5894.31053216795,2444.07630078938,4071.23124662213,10042.6537131761,21359.6461597065,5234.7527711077,8651.41735427099,9235.46056029495
"plasmenyl-PE 42_6",16137.634013348,18166.6226030207,14421.4546845661,19565.0653679824,10828.7381983571,20489.9222612137,28820.2915305852,17931.284221945
"plasmenyl-PE 36_3",9235.46056029495,10713.8014338532,9807.58199609661,13573.8301418147,10441.8264587194,11970.1854289872,982.897086953587,6415.46529542456
"plasmenyl-PE 42_4",7830.0347096027,11052.2513510666,11633.1525248554,11970.1854289872,11389.5918535874,10234.0226500262,12371.1538903283,16137.634013348
"plasmenyl-PE 18_0",5770.38903776664,10337.9245543728,7653.08501179382,13139.4357407379,14035.0006263088,18789.2971630813,11814.9311942658,18343.4794637911
"plasmenyl-PE 34_2",3871.3772013047,5256.26325178087,4387.32715422547,4917.30150840707,3307.77124437562,4523.81938229584,4917.30150840707,3791.74057775684
"plasmenyl-PE 38_1",16923.0401716664,11970.1854289872,14953.6999839701,23285.0086005339,11746.80878921,16398.9150415773,21359.6461597065,19565.0653679824
"plasmenyl-PE 40_5",73104.0557603158,97796.0749756159,106785.324186153,134895.775914482,71392.0823432206,106785.324186153,165485.017869633,91776.7281086178
"plasmenyl-PE 32_1",680.550564802879,388.959228370039,504.415032282568,468.636942619916,756.675442748719,835.146637849803,348.253380980336,680.550564802879
"SM 38_1",617832.694707222,932760.278094542,1624404.53028459,1043151.80276023,572746.335508999,707691.054467675,839560.346929273,932760.278094542
"SM 36_1",261622.123674963,572746.335508999,552068.08035453,497287.806887986,177440.178067119,483227.516564253,552068.08035453,396714.381841279
"SM 40_2",572746.335508999,677637.045698538,781553.073521248,617832.694707222,552068.08035453,617832.694707222,617832.694707222,640563.219152152
"SM 38_2",10234.0226500262,16638.9186889241,13573.8301418147,15290.4228561396,11514.8733047935,13573.8301418147,12185.5819323399,7921.04733750395
"SM 42_4",25840.7899752339,38237.6486797862,33432.963019786,28820.2915305852,25840.7899752339,41464.3178917538,36018.5583491844,22368.5936166911
"SM 42_2",568.856072751554,1784.75471519342,816.88161587436,1470.78612428839,625.945831006615,178.754791908948,544.221336627261,411.857620228863
"SM 32_2",2549.09651182585,1897.22557948763,2914.5716884683,3204.28483972103,3488.07484525728,2631.50820672498,2631.50820672498,2526.69052478253
"SM 42_0",2668.93604567935,2463.72976106722,2497.42925529389,2933.8102000047,3124.45974486288,2668.93604567935,3021.7095752333,2296.18709518999
"SM 34_2",3968.82427597725,4690.18976199036,2819.37281518542,4757.69518913288,5234.7527711077,5499.30928878379,4757.69518913288,3178.84755895613
"SM 44_2",3512.76359261794,7717.57215669645,11286.2522497817,7446.47496056903,6986.65352454895,9315.48313178483,11286.2522497817,8590.10472840768
"SM 44_1",5256.26325178087,9929.8943000495,14781.3594675502,13933.4216065439,6018.64947411107,5003.92710488384,15576.6245390726,16398.9150415773
"SM 34_1",5169.20242420531,5078.54572133119,3871.3772013047,3684.63961635496,4033.57837199241,7588.59786689119,5597.29459016579,3414.40905155836
"SM 42_1",3461.41157137891,3204.28483972103,2549.09651182585,4851.37058862409,5169.20242420531,3021.7095752333,3488.07484525728,1744.8986397575
"SM 32_0",1202.8325934515,2497.42925529389,3512.76359261794,6271.41537921545,5450.01206490267,3178.84755895613,3340.27121100111,3055.71176991106
"SM 30_1",1236.73503590444,698.43541324027,1008.0225270837,865.405251708266,967.493285690812,865.405251708266,967.493285690812,625.945831006615
"SM 42_5",1784.75471519342,5499.30928878379,3582.78283814596,6112.19420364619,4566.45164615393,2775.60599579203,2121.38240169709,2121.38240169709
"TG 52_5",3825174.81132648,3825174.81132648,3825174.81132648,3825174.81132648,1868490.06904269,3825174.81132648,3825174.81132648,3825174.81132648
"TG 52_1",3118936.40300598,3118936.40300598,2312439.64183552,2312439.64183552,3825174.81132648,2312439.64183552,3118936.40300598,2312439.64183552
"TG 56_10",552068.08035453,165485.017869633,208716.393441901,155894.155542305,14781.3594675502,65411.1871387707,100467.2537942,161088.750012994
"TG 52_7",1134041.26260503,223228.131089919,230578.728667732,223228.131089919,97796.0749756159,88449.4122228755,127606.714026263,223228.131089919
"TG 56_5",839560.346929273,2085781.36793071,1868490.06904269,1868490.06904269,288542.857786893,2085781.36793071,2085781.36793071,1868490.06904269
"TG 50_0",106785.324186153,177440.178067119,88449.4122228755,172072.500201358,249489.198769068,223228.131089919,130875.367426132,106785.324186153
"TG 58_6",208716.393441901,497287.806887986,434131.974478271,483227.516564253,28820.2915305852,434131.974478271,288542.857786893,529715.359791516
"TG 60_13",134895.775914482,71392.0823432206,73104.0557603158,73104.0557603158,7181.06267139208,29098.7429507766,46168.3328830869,60851.666002477
"TG 42_1",10114.6473977691,3098.33124903292,3124.45974486288,3582.78283814596,62976.8967742018,2599.2538413481,3381.53356686189,11514.8733047935
"TG 44_2",67001.4355209511,25140.6987545294,30343.1142901674,30343.1142901674,122669.923299236,14421.4546845661,27466.5295318216,65411.1871387707
"TG 60_7",65411.1871387707,130875.367426132,84833.5770545398,122669.923299236,10940.7823372663,84833.5770545398,106785.324186153,147512.648350628
"TG 56_3",2085781.36793071,1868490.06904269,1043151.80276023,1624404.53028459,1043151.80276023,1868490.06904269,1624404.53028459,3118936.40300598
"TG 56_4",932760.278094542,1624404.53028459,1258989.27548095,1258989.27548095,497287.806887986,1624404.53028459,1258989.27548095,1624404.53028459
"TG 62_11",12185.5819323399,39263.3205847908,34344.8502303868,34344.8502303868,4851.37058862409,28820.2915305852,31044.5978948227,38237.6486797862
"TG 46_3",147512.648350628,60851.666002477,62976.8967742018,74711.6316580016,147512.648350628,34344.8502303868,65411.1871387707,120923.941238811
"TG 54_9",165485.017869633,41464.3178917538,60851.666002477,46168.3328830869,8881.26991652829,25840.7899752339,36831.9509883591,54129.4581072229
"TG 60_6",88449.4122228755,120923.941238811,65411.1871387707,91776.7281086178,10042.6537131761,71392.0823432206,91776.7281086178,165485.017869633
"TG 46_0",3073.38796754991,3381.53356686189,3791.74057775684,5256.26325178087,84833.5770545398,6376.40094562033,3933.98877819309,3606.73631201073
"TG 54_7",120923.941238811,54129.4581072229,74711.6316580016,60851.666002477,26954.2584921167,74711.6316580016,55951.1004690342,57656.0640663599
"TG 42_2",16398.9150415773,5677.53512080746,6376.40094562033,8098.19161660726,30343.1142901674,3871.3772013047,6376.40094562033,21955.3065881794
"TG 50_1",1258989.27548095,1043151.80276023,707691.054467675,1134041.26260503,1624404.53028459,1134041.26260503,1134041.26260503,839560.346929273
"TG 64_15",6112.19420364619,11286.2522497817,8881.26991652829,8352.8966901949,1160.54267482823,3968.82427597725,6615.97621860381,9430.7525966114
"TG 52_6",62976.8967742018,35356.0511854785,49734.025777868,42603.1113185256,46168.3328830869,51163.9308922764,40473.1871602372,31044.5978948227
"TG 58_12",55951.1004690342,31780.529422496,42603.1113185256,37606.8448428336,3871.3772013047,11514.8733047935,22368.5936166911,36018.5583491844
"TG 62_10",8461.29006782076,20489.9222612137,23285.0086005339,22806.8163709131,1032.09039381935,20917.2201021667,20110.2922438145,22806.8163709131
"TG 48_1",33432.963019786,28220.663034298,26384.9106305458,26954.2584921167,79213.7221080975,25140.6987545294,24440.1162705759,19282.3501521796
"TG 48_0",11746.80878921,13265.0160448372,12859.732335181,11883.0535993216,69043.8616110691,17674.5104604884,13013.8554366387,9003.97914838529
"TG 52_0",149913.812541413,230578.728667732,134895.775914482,152762.719740033,238600.25151464,208716.393441901,177440.178067119,137574.586366284
"TG 52_2",27466.5295318216,8806.42203184084,7248.00547219934,8461.29006782076,14953.6999839701,2792.16641440127,3582.78283814596,8031.41988129279
"TG 40_1",6737.60235618507,3757.47925791549,1640.88491618403,2238.01365217653,27466.5295318216,2216.95286968574,2576.24005045038,11052.2513510666
"TG 62_14",60851.666002477,91776.7281086178,100467.2537942,127606.714026263,5553.65304921028,38237.6486797862,79213.7221080975,114985.666182594
"TG 58_5",333527.230997889,434131.974478271,249489.198769068,288542.857786893,60851.666002477,461722.822044454,461722.822044454,497287.806887986
"TG 58_4",483227.516564253,396714.381841279,172072.500201358,261622.123674963,73104.0557603158,261622.123674963,238600.25151464,572746.335508999
"TG 64_14",5450.01206490267,16137.634013348,10617.2889325545,12371.1538903283,730.332756594138,8651.41735427099,9235.46056029495,11633.1525248554
"TG 48_2",249489.198769068,122669.923299236,142201.058983506,147512.648350628,2312439.64183552,137574.586366284,122669.923299236,117680.956754378
"TG 62_9",6986.65352454895,20110.2922438145,11389.5918535874,16923.0401716664,951.55816296729,12185.5819323399,12617.9747302927,20110.2922438145
"TG 54_0",20489.9222612137,17289.7904010003,8651.41735427099,18166.6226030207,11286.2522497817,16137.634013348,18166.6226030207,20917.2201021667
"TG 40_0",951.55816296729,652.014498258233,899.044413759908,967.493285690812,5256.26325178087,1202.8325934515,1236.73503590444,1422.03743606239
"TG 60_5",74711.6316580016,69043.8616110691,46168.3328830869,49734.025777868,9503.48399080236,59201.6588274221,57656.0640663599,79213.7221080975
"TG 50_2",32856.9614001071,11389.5918535874,10713.8014338532,15576.6245390726,16923.0401716664,6986.65352454895,8881.26991652829,7446.47496056903
"TG 46_1",11633.1525248554,6737.60235618507,5351.22997895585,5734.19565769063,16398.9150415773,3442.63663383301,4108.57150185707,4315.69286789868
"TG 50_3",40968.7525259955,3704.45661471752,16780.9794302953,899.044413759908,2746.29622424888,1295.87866096083,3163.88024072688,2384.9094953177
"TG 60_14",13573.8301418147,3871.3772013047,5450.01206490267,5003.92710488384,652.014498258233,2178.01478957907,2775.60599579203,2763.26955216501
"TG 64_12",2933.8102000047,8031.41988129279,4566.45164615393,6481.37711101783,544.221336627261,4955.23892055682,5677.53512080746,4156.4876883499
"TG 64_11",1711.36237044589,5597.29459016579,4033.57837199241,5450.01206490267,229.267379420074,3582.78283814596,5003.92710488384,5894.31053216795
"TG 54_1",2312439.64183552,1134041.26260503,677637.045698538,839560.346929273,1134041.26260503,1043151.80276023,1043151.80276023,1258989.27548095
"TG 62_7",19282.3501521796,29098.7429507766,12371.1538903283,25840.7899752339,1376.14463056216,16638.9186889241,19282.3501521796,37606.8448428336
"TG 58_3",640563.219152152,333527.230997889,161088.750012994,230578.728667732,172072.500201358,238600.25151464,230578.728667732,617832.694707222
"TG 54_2",46.2231406157872,468.636942619916,2463.72976106722,46.2231406157872,178.754791908948,440.860440874608,85.7070415368658,504.415032282568
"TG 52_3",388.959228370039,229.267379420074,85.7070415368658,411.857620228863,85.7070415368658,348.253380980336,274.601658013218,85.7070415368658
"TG 58_9",4955.23892055682,2216.95286968574,17289.7904010003,1640.88491618403,1517.57027202074,2549.09651182585,1897.22557948763,2107.3595663576
"TG 50_4",8352.8966901949,2296.18709518999,5078.54572133119,568.856072751554,2631.50820672498,1610.30246045259,792.668621563319,967.493285690812
"TG 56_8",6481.37711101783,3461.41157137891,79213.7221080975,2412.99157743283,1640.88491618403,2990.93669150468,2888.20130516259,2274.48627613108
"TG 52_4",677637.045698538,15433.5236976061,602758.534037015,11514.8733047935,45075.3780566745,19565.0653679824,9632.81766929046,7248.00547219934
"CerP 40_1",21875.7054352157,20960.3514526219,20694.7584137579,18227.3106571733,10390.2614376092,17295.4484780253,10390.2614376092,12964.3948766442
"CerP 34_1",2530.81557511034,3241.97360008065,2834.86178398825,2530.81557511034,1712.03191162717,3820.181791235,2377.92415703998,5444.24300290601
"CL 76_4",14541.282991194,14541.282991194,13222.5141074643,14541.282991194,8580.54116734748,14541.282991194,18227.3106571733,9652.2881630867
"CL 74_9",33288.4448987544,60342.0065430414,58724.6142706174,56448.536332226,39833.3047734115,38297.9517129432,42899.5234995226,43832.3602661799
"CL 70_6",15924.7504294567,14856.5922293296,26154.9063350395,22765.2892577217,33712.1593854565,11469.547672019,21875.7054352157,18546.9651133156
"CL 72_7",89756.1928241146,174821.754738674,145525.564021415,151836.85010263,77856.7261190995,93754.3318697047,132036.420915596,129151.795798432
"CL 76_3",43832.3602661799,47292.6383602812,43832.3602661799,39833.3047734115,16266.6007322848,44573.6204245312,60342.0065430414,71869.8109222765
"CL 72_8",71869.8109222765,145525.564021415,109331.860803225,145525.564021415,41786.3781778188,87717.4768339602,104314.230063418,101591.649877395
"CL 74_11",815.524886831038,1464.39194596958,898.761494922817,640.373306046126,2258.812670135,854.830913687673,854.830913687673,743.940367277012
"CL 78_9",12796.5625080866,18227.3106571733,16977.7126066437,14364.0936677753,18546.9651133156,13222.5141074643,13767.4155586639,20090.3062441553
"CL 80_9",6692.07812720161,6543.25764471686,4835.83974370954,3371.24020338599,6820.23597199196,6820.23597199196,7468.91020537391,6369.13933549184
"CL 74_5",38995.8923045246,9827.58516510342,5722.81358738548,12362.8544060816,20694.7584137579,11976.4592245101,9098.52542038267,14541.282991194
"CL 76_7",12570.5021574445,15403.1035120041,11270.4635228106,13767.4155586639,18227.3106571733,18227.3106571733,13525.5969603434,12570.5021574445
"CL 82_2",13942.5319546468,10081.7855588267,10560.0202811424,12964.3948766442,8058.29143969921,17653.0468328609,14856.5922293296,13525.5969603434
"CL 74_10",3612.42450746274,5936.64649159397,6289.33066001893,4989.00768591836,5583.55899821461,5081.82969265839,5153.13534799435,4502.5501483236
"CL 68_2",26386.6191432758,26975.7613843969,14856.5922293296,14856.5922293296,28036.3954852253,36175.8079706462,18546.9651133156,14159.4172870317
"CL 78_8",9250.64966236269,10213.8036292411,9098.52542038267,6893.99101869691,14159.4172870317,10807.0903027805,8337.67239004813,9389.09614175612
"CL 78_6",18996.1980238552,9098.52542038267,9652.2881630867,10807.0903027805,6369.13933549184,6220.53409162898,6458.12179229517,12362.8544060816
"CL 74_8",34816.2292933379,62449.6329820844,70760.904738422,50170.0351653354,32818.1265976948,34816.2292933379,43832.3602661799,56448.536332226
"CL 80_15",4684.86472175451,6030.59166744479,4989.00768591836,12184.9155840296,4928.67225282779,4989.00768591836,6692.07812720161,2187.9540251399
"CL 74_7",3004.01763718004,424.015971290906,1221.38577054771,1918.79593092549,1918.79593092549,1570.84326976011,1570.84326976011,578.061556304768
"CL 72_3",8201.64304747211,6692.07812720161,6893.99101869691,4456.48694168206,3264.9740364125,4684.86472175451,4835.83974370954,6030.59166744479
"CL 82_4",11976.4592245101,12184.9155840296,6543.25764471686,7581.25015341629,20090.3062441553,21875.7054352157,8420.87075083541,3885.65596384799
"CL 70_5",7581.25015341629,13222.5141074643,20960.3514526219,15924.7504294567,24359.1009633871,7342.00216429879,16266.6007322848,15403.1035120041
"CL 80_10",4130.83029362121,2233.72773737846,6369.13933549184,4748.28122391277,3371.24020338599,2037.93291603604,2834.86178398825,3124.36269521101
"CL 82_9",2690.35120325713,1789.32580262947,2622.88783787293,2690.35120325713,2834.86178398825,640.373306046126,578.061556304768,2690.35120325713
"CL 78_11",1221.38577054771,4568.04361430066,2233.72773737846,4167.15954181807,1818.09326329959,3075.91575654467,3944.63350248391,2584.65283142539
"CL 72_6",40898.1228379609,71869.8109222765,89756.1928241146,63471.4515910202,56448.536332226,41786.3781778188,62449.6329820844,69382.8734553005
"CL 82_7",9827.58516510342,7045.24217979703,6124.59842367946,16977.7126066437,12184.9155840296,7243.7404663457,9250.64966236269,8201.64304747211
"CL 72_9",3190.93733642942,5314.72626670759,6458.12179229517,5484.76882944373,2187.9540251399,3124.36269521101,5484.76882944373,5314.72626670759
"CL 70_3",4342.12542272719,2584.65283142539,2377.92415703998,4568.04361430066,12570.5021574445,2744.74108536457,5583.55899821461,3944.63350248391
"CL 78_0",3820.181791235,3264.9740364125,3190.93733642942,3190.93733642942,2488.25166447273,2233.72773737846,2584.65283142539,2834.86178398825
"CL 72_4",3944.63350248391,3885.65596384799,7581.25015341629,6289.33066001893,3464.91457629439,1918.79593092549,4621.09206757743,6458.12179229517
"CL 76_12",6124.59842367946,8868.25204713259,9389.09614175612,9098.52542038267,4621.09206757743,5252.24897141774,7342.00216429879,6612.71816521373
"CL 82_8",24359.1009633871,24359.1009633871,16266.6007322848,34816.2292933379,14364.0936677753,20397.3985975092,20090.3062441553,14364.0936677753
"CL 78_1",12184.9155840296,12796.5625080866,17295.4484780253,17295.4484780253,30921.7774279654,12570.5021574445,13942.5319546468,25359.4961376173
"CL 82_13",854.830913687673,1182.89941520448,2488.25166447273,1464.39194596958,1118.64210972396,1182.89941520448,1221.38577054771,1338.71237844698
"CL 80_17",978.956717891724,815.524886831038,424.015971290906,707.98961758203,517.860808481724,1503.80374201632,1391.55056011297,898.761494922817
"CL 78_2",38297.9517129432,37335.188332672,33712.1593854565,37335.188332672,34816.2292933379,39833.3047734115,31811.2018101496,37335.188332672
"CL 68_6",5583.55899821461,1818.09326329959,3719.73096664114,3464.91457629439,2233.72773737846,2690.35120325713,3719.73096664114,3298.74597581063
"CL 74_1",69382.8734553005,54000.7873822487,47292.6383602812,69382.8734553005,87717.4768339602,52530.7338662063,54000.7873822487,55222.1279283342
"CL 80_12",58724.6142706174,56448.536332226,40898.1228379609,47292.6383602812,70760.904738422,58724.6142706174,38995.8923045246,35604.7529681929
"CL 68_0",6369.13933549184,6369.13933549184,3660.25599297855,3660.25599297855,6220.53409162898,7175.47660733322,3885.65596384799,5081.82969265839
"CL 68_1",3514.42337190523,2037.93291603604,3075.91575654467,2348.23663247028,2086.86468213465,4282.32971112297,3660.25599297855,2258.812670135
"CL 76_11",55222.1279283342,42899.5234995226,31811.2018101496,60342.0065430414,28562.8753300234,45678.3541423267,58724.6142706174,28036.3954852253
"CL 80_7",11270.4635228106,2405.41617633785,1960.74246301565,2405.41617633785,2968.72173068754,6692.07812720161,7842.77379494768,2037.93291603604
"CL 70_1",3371.24020338599,2968.72173068754,1034.92573100347,3612.42450746274,11106.5995383829,3612.42450746274,3190.93733642942,3719.73096664114
"CL 72_2",2187.9540251399,2086.86468213465,2968.72173068754,1257.1392907051,707.98961758203,1712.03191162717,1918.79593092549,2405.41617633785
"CL 78_10",2377.92415703998,2187.9540251399,1918.79593092549,3075.91575654467,578.061556304768,2348.23663247028,2233.72773737846,3660.25599297855
"CL 76_5",1960.74246301565,3551.14758813268,3371.24020338599,1960.74246301565,4130.83029362121,3885.65596384799,4213.9000763739,3514.42337190523
"PA 36_1",19551.2850426047,9652.2881630867,11106.5995383829,10213.8036292411,13222.5141074643,13942.5319546468,11469.547672019,7958.68099521296
"PA 38_2",52530.7338662063,21875.7054352157,34816.2292933379,35604.7529681929,26386.6191432758,54000.7873822487,44573.6204245312,17653.0468328609
"PA 40_4",80125.0146541009,58724.6142706174,66772.8036080204,55222.1279283342,45678.3541423267,80125.0146541009,77856.7261190995,29833.3524965028
"PA 40_6",267537.008867386,129151.795798432,166169.787073282,182128.323351054,132036.420915596,249085.483983685,285136.004926193,98514.3900552676
"PA 42_7",45678.3541423267,33712.1593854565,26975.7613843969,48136.539803773,60342.0065430414,50170.0351653354,41786.3781778188,20960.3514526219
"PA 34_2",1818.09326329959,1118.64210972396,1570.84326976011,1118.64210972396,1570.84326976011,2258.812670135,2127.30970585188,941.024114215905
"PA 34_1",4502.5501483236,2530.81557511034,4684.86472175451,4928.67225282779,6458.12179229517,3660.25599297855,4456.48694168206,2488.25166447273
"PA 38_5",18227.3106571733,6458.12179229517,8868.25204713259,8201.64304747211,26975.7613843969,10213.8036292411,9827.58516510342,2968.72173068754
"PA 36_2",126004.307551344,45678.3541423267,56448.536332226,64793.5896416226,71869.8109222765,132036.420915596,129151.795798432,58724.6142706174
"PA 40_5",109331.860803225,50170.0351653354,44573.6204245312,62449.6329820844,121044.482007913,82573.7838642449,66772.8036080204,33712.1593854565
"PA 36_3",6289.33066001893,3298.74597581063,4282.32971112297,7842.77379494768,2584.65283142539,2834.86178398825,5314.72626670759,2377.92415703998
"PA 42_8",37335.188332672,17295.4484780253,20090.3062441553,33288.4448987544,20397.3985975092,28562.8753300234,26386.6191432758,13942.5319546468
"PA 30_1",517.860808481724,707.98961758203,815.524886831038,1626.69860289342,743.940367277012,1034.92573100347,1060.89075349743,517.860808481724
"PA 28_4",2744.74108536457,4078.29456265301,1712.03191162717,3124.36269521101,7175.47660733322,3241.97360008065,2530.81557511034,2622.88783787293
"PA 38_3",121044.482007913,36175.8079706462,39833.3047734115,25359.4961376173,145525.564021415,98514.3900552676,56448.536332226,18996.1980238552
"PA 38_1",8420.87075083541,13942.5319546468,24359.1009633871,10560.0202811424,3190.93733642942,12362.8544060816,20694.7584137579,16977.7126066437
"PA 36_4",2921.18181952142,1918.79593092549,1182.89941520448,424.015971290906,2037.93291603604,815.524886831038,1182.89941520448,473.400163132699
"PA 38_6",5484.76882944373,2834.86178398825,1538.63447488684,2921.18181952142,2377.92415703998,2921.18181952142,2348.23663247028,1789.32580262947
"PA 40_7",23275.8576896441,15924.7504294567,11469.547672019,26386.6191432758,24086.534067023,24086.534067023,14159.4172870317,10560.0202811424
"PA 20_0",2459.38728185783,3991.3748774096,978.956717891724,1570.84326976011,8337.67239004813,20090.3062441553,4684.86472175451,1960.74246301565
"PG 36_2",182128.323351054,336573.855192415,267537.008867386,249085.483983685,104314.230063418,267537.008867386,199872.206548552,249085.483983685
"PG 38_4",16977.7126066437,39833.3047734115,28036.3954852253,32818.1265976948,31811.2018101496,25359.4961376173,24927.793808888,26154.9063350395
"PG 34_2",85302.2070384946,166169.787073282,228644.813185374,199872.206548552,85302.2070384946,151836.85010263,166169.787073282,190894.456675333
"PG 38_2",5722.81358738548,8337.67239004813,7342.00216429879,8420.87075083541,4989.00768591836,5722.81358738548,4282.32971112297,9098.52542038267
"PG 42_8",20960.3514526219,34816.2292933379,29833.3524965028,40898.1228379609,38297.9517129432,24927.793808888,24086.534067023,21469.6889966221
"PG 36_4",8868.25204713259,16977.7126066437,19551.2850426047,18546.9651133156,22765.2892577217,8674.60542344305,16977.7126066437,18227.3106571733
"PG 36_5",6458.12179229517,3124.36269521101,6220.53409162898,6220.53409162898,3004.01763718004,5370.91325114622,4078.29456265301,6543.25764471686
"PG 34_3",4213.9000763739,3944.63350248391,4167.15954181807,2037.93291603604,4835.83974370954,2584.65283142539,2690.35120325713,5153.13534799435
"PG 36_3",20397.3985975092,30921.7774279654,36175.8079706462,31811.2018101496,47292.6383602812,24359.1009633871,20960.3514526219,32818.1265976948
"PG 34_1",14364.0936677753,14364.0936677753,5444.24300290601,9389.09614175612,3719.73096664114,7662.26575393545,7175.47660733322,11106.5995383829
"PG 40_5",54000.7873822487,64793.5896416226,71869.8109222765,82573.7838642449,52530.7338662063,55222.1279283342,52530.7338662063,64793.5896416226
"PG 44_8",8058.29143969921,9389.09614175612,11692.1262614862,9652.2881630867,5153.13534799435,8420.87075083541,6124.59842367946,7342.00216429879
"PG 32_1",1570.84326976011,1960.74246301565,3004.01763718004,1221.38577054771,6893.99101869691,1391.55056011297,1257.1392907051,1818.09326329959
"PG 38_3",14159.4172870317,13525.5969603434,15924.7504294567,24927.793808888,21469.6889966221,18546.9651133156,17653.0468328609,22339.1385149186
"PG 38_5",2622.88783787293,2377.92415703998,3820.181791235,4213.9000763739,11270.4635228106,2809.51919385145,3612.42450746274,2459.38728185783
"PG 34_0",1257.1392907051,1570.84326976011,2086.86468213465,1060.89075349743,2127.30970585188,1221.38577054771,517.860808481724,1538.63447488684
"PG 34_4",1391.55056011297,578.061556304768,319.671396577873,782.807801679076,1257.1392907051,743.940367277012,319.671396577873,782.807801679076
"PG 36_6",1060.89075349743,319.671396577873,578.061556304768,319.671396577873,782.807801679076,517.860808481724,707.98961758203,640.373306046126
"PG 32_2",319.671396577873,854.830913687673,707.98961758203,978.956717891724,1221.38577054771,707.98961758203,640.373306046126,854.830913687673
"PG 44_2",1626.69860289342,1338.71237844698,854.830913687673,1034.92573100347,640.373306046126,578.061556304768,473.400163132699,815.524886831038
"PG 32_3",1182.89941520448,1503.80374201632,1503.80374201632,1391.55056011297,1034.92573100347,1464.39194596958,1338.71237844698,978.956717891724
"PI 38_4",6652040.89899764,6652040.89899764,6652040.89899764,6652040.89899764,5362269.2356172,6652040.89899764,6652040.89899764,6652040.89899764
"PI 36_2",145525.564021415,151836.85010263,121044.482007913,139579.628641828,93754.3318697047,101591.649877395,98514.3900552676,166169.787073282
"PI 34_1",296763.152977115,512788.22308561,394714.949936202,394714.949936202,328266.746833452,362490.366727177,411292.898500065,411292.898500065
"PI 40_5",77856.7261190995,109331.860803225,54000.7873822487,58724.6142706174,80125.0146541009,71869.8109222765,37335.188332672,66772.8036080204
"PI 38_5",6893.99101869691,4835.83974370954,7175.47660733322,4342.12542272719,4342.12542272719,5484.76882944373,2809.51919385145,4342.12542272719
"PS 38_4",4657575.21988667,3846506.03054789,2981965.03603535,3846506.03054789,4657575.21988667,3846506.03054789,3846506.03054789,2981965.03603535
"PS 40_6",659799.530305578,929044.315194367,751429.470397799,860116.9553139,659799.530305578,702224.346138206,702224.346138206,659799.530305578
"PS 38_3",285136.004926193,375529.627625284,296763.152977115,285136.004926193,336573.855192415,352004.975271914,267537.008867386,285136.004926193
"PS 40_7",9098.52542038267,10390.2614376092,15403.1035120041,13525.5969603434,8201.64304747211,8337.67239004813,8580.54116734748,8580.54116734748
"PS 40_8",1034.92573100347,1221.38577054771,2037.93291603604,815.524886831038,815.524886831038,2377.92415703998,941.024114215905,1257.1392907051
