"Sample","Ctrl_BL6_2249","Ctrl_BL6_2250","Ctrl_BL6_2251","Ctrl_BL6_2252","HF_BL6_2260","HF_BL6_2261","HF_BL6_2262","HF_BL6_2266"
"CE 16_2",604.512858606365,2201.01173635389,3393.37782830152,2347.1043421304,1638.48253188433,324.751165357629,2126.78304823275,4942.01514868249
"CE 16_0",3460.63880356535,3653.12836411614,22833.0337552682,6302.67907815243,8813.69018530194,11463.9837683774,3915.41370986772,6064.23020432577
"CE 22_6",2549.9478142938,5641.91454082801,4561.97948587872,7296.91110402939,5413.99020214328,7799.28331799802,3538.48345389949,5004.0916647346
"CE 18_2",5858.54372244989,19402.2718164687,21891.214775356,24565.479577935,13681.1088522039,90872.1535862592,10335.0614774214,15441.3314525348
"DG 34_2",5268696.54947492,5838334.37089802,4879775.52485589,4879775.52485589,4879775.52485589,3940207.45922362,5570843.99885273,5570843.99885273
"DG 37_4",13968.6818038262,11707.0603577913,18281.2092683311,8723.0067720296,8298.33160095459,16117.4974673831,19734.4956973106,11275.622571761
"DG 40_8",141691.439941726,70028.1124047034,70028.1124047034,40530.7723909027,48260.1465277245,242761.467785837,40530.7723909027,36614.4026570515
"DG 40_4",68377.4265053067,21716.9374580112,30670.7043265908,16117.4974673831,18653.8622896869,22122.286032615,32877.522425997,25295.5130480684
"DG 38_4",853748.211860832,469176.033228127,707252.753175725,459694.713861159,394094.030376164,681473.03166621,621191.591616907,540082.682937104
"DG 34_0",73961.3872605396,29101.4604065852,64347.7833401961,25295.5130480684,34130.6693822138,33158.4929006148,76406.0331345384,46764.7572681307
"DG 36_2",5838334.37089802,4152883.96004135,5268696.54947492,4357197.78400929,4357197.78400929,3241192.62060232,3861215.29778433,5268696.54947492
"DG 42_10",9901.71460703127,3393.37782830152,5588.00734598558,3538.48345389949,4596.3214433127,11057.8169252351,5095.39148358637,4352.74720008174
"DG 38_2",694046.244752706,336287.778342442,439588.312701574,255176.613725738,250662.54663703,154467.700290747,475072.255866054,475072.255866054
"DG 36_4",1220538.32809233,1126925.96936975,1126925.96936975,976513.466727858,1070383.96283891,2519262.74101024,1273086.0311756,828167.217423425
"DG 32_0",300594.491324654,75310.1195569915,227119.100088581,66568.4103653987,99853.8759968656,68377.4265053067,269054.501519072,125864.35974696
"DG 35_2",174653.851017311,89054.874745338,135773.332899154,64931.7923032862,87403.209724609,70028.1124047034,155985.897132277,135773.332899154
"DG 40_6",279726.070307564,64931.7923032862,112611.025065258,50170.3769829691,59923.9218195733,324367.258046751,104241.280521005,79042.4947477102
"DG 32_2",146684.209558101,68377.4265053067,108259.564861215,122038.914022224,95091.3174870818,30670.7043265908,99853.8759968656,161913.223851172
"DG 42_8",37236.1889931239,20786.3918220843,15441.3314525348,12265.7524091103,13510.288389398,55268.5982785574,12265.7524091103,15185.1170197429
"DG 44_10",18281.2092683311,13180.8142668834,12960.1580578633,12774.047051995,11275.622571761,32628.5052858994,13180.8142668834,13083.5577641879
"DG 26_2",3150.94665301451,821.027429908824,1083.11737226478,975.513669419313,1083.11737226478,801.32014527493,782.544456556459,1317.34897814317
"DG 33_2",30050.1632857825,19153.5206912724,30940.6936529974,27988.8581754784,22833.0337552682,27279.5745919317,32319.1975117992,30670.7043265908
"DG 37_2",46295.5868290625,26507.7173171222,34130.6693822138,13510.288389398,25826.4289464022,12023.0136743158,37880.7574159998,30940.6936529974
"DG 34_4",17417.3638930097,7092.48104035762,8658.72376166879,11850.8956648633,11619.1247947076,12774.047051995,9852.99982527622,13339.4186942186
"DG 30_0",33158.4929006148,9305.37965226405,26785.0806580441,18281.2092683311,18812.488512923,6420.40335731058,28375.8745004672,26507.7173171222
"DG 40_2",47727.9679118561,23696.9896538028,26507.7173171222,18653.8622896869,12595.2879669237,7679.39019365722,29695.7172764468,23183.7528204903
"DG 42_6",53942.0594615606,9640.2457246382,11363.6719494148,6064.23020432577,6064.23020432577,19734.4956973106,7405.07584755638,8513.7481196235
"DG 36_0",16434.8192218106,7405.07584755638,12023.0136743158,5696.39136030385,6420.40335731058,10335.0614774214,18415.4383711671,8298.33160095459
"DG 42_2",7989.04291578823,3460.63880356535,2969.9778247057,2831.78157646371,2724.5793195552,2222.78484828685,5696.39136030385,3114.51201113667
"DG 38_6",2876646.96950745,976513.466727858,2417071.8535538,863411.857229731,1220538.32809233,1126925.96936975,2174210.99429714,1415950.67866297
"DG 36_6",4194.80605188399,4158.14077645848,5004.0916647346,4194.80605188399,2633.70282567467,7149.98832484369,4520.52712664271,3862.93590767801
"DG 30_2",3017.81609681193,1556.38587675031,2446.63542175239,3369.68378296375,2734.92864144503,2537.35150865498,2362.98400548809,4816.92661576776
"DG 33_0",7149.98832484369,2724.5793195552,5246.73262411114,1966.56407740869,2396.60695986736,4158.14077645848,6370.12295766941,3190.39601988978
"DG 38_0",1934.98229291972,2565.04978497635,3150.94665301451,1481.60246230716,1317.34897814317,1796.44019095061,3369.68378296375,1666.51494721697
"DG 39_4",5588.00734598558,3727.52865006795,5164.46357938691,1840.33635477347,3980.09283918553,5413.99020214328,5927.32513005781,5588.00734598558
"DG 39_6",6004.09932241579,2422.58127522665,2312.02383160553,2312.02383160553,3369.68378296375,1210.96009800957,2201.01173635389,3460.63880356535
"DG 37_6",6131.99802999944,3538.48345389949,7913.38091911515,2749.44358075053,2868.05496409185,5339.89556407679,7799.28331799802,3137.22308896939
"DG 32_6",562.188632767996,468.12906795181,922.188627786189,639.648945546397,562.188632767996,1235.15002263905,223.545293198864,362.637362261131
"DG 28_2",1433.12521682734,1235.15002263905,1368.90333501256,1666.51494721697,1187.46186529535,1083.11737226478,1083.11737226478,1966.56407740869
"DG 44_8",3538.48345389949,1393.33289572531,1279.04801721954,1638.48253188433,1810.23191887863,3862.93590767801,2422.58127522665,1713.15670890654
"DG 35_4",2312.02383160553,2707.36013913356,3698.46239328225,2898.12549182328,1990.50457950183,7913.38091911515,1796.44019095061,2590.36775579567
"DG 44_6",1481.60246230716,1131.52388753819,1699.64212798452,512.224221536547,1556.38587675031,2057.41867699427,1501.14260139955,661.701726194008
"lysoPC 16_0",3354188.31645269,3581928.81366308,2361033.38820366,2678086.71346041,2745991.01928605,3471770.91700051,3354188.31645269,2306544.70134524
"lysoPC 18_2",773996.423332135,625636.822827445,612451.217127404,720459.261598743,808430.961338688,463279.810590199,743475.798229849,743475.798229849
"lysoPC 19_0",25295.5130480684,48260.1465277245,32628.5052858994,38254.2056444587,42683.5292181251,35944.0614955863,45318.3935503201,38794.2625867384
"lysoPC 22_6",668899.818579714,593680.372546821,498921.355512567,498921.355512567,581443.631605996,399638.407278493,668899.818579714,668899.818579714
"lysoPC 18_0",3630410.70849431,4879775.52485589,3861215.29778433,3471770.91700051,3738273.8547349,3738273.8547349,4357197.78400929,3471770.91700051
"lysoPC 14_0",5696.39136030385,4816.92661576776,3250.01598520178,4875.8041486049,5246.73262411114,1666.51494721697,4297.32765293452,5164.46357938691
"lysoPC 20_4",1273086.0311756,1300876.63591984,952415.001755678,1126925.96936975,1273086.0311756,612451.217127404,1300876.63591984,1126925.96936975
"lysoPC 20_0",42683.5292181251,59295.6593322572,34869.4934917118,45693.0241821957,37622.2355018158,41371.2783282,52956.3951662452,32628.5052858994
"lysoPC 20_2",27988.8581754784,24565.479577935,25295.5130480684,26785.0806580441,29275.2218724974,11427.4024649282,34130.6693822138,35944.0614955863
"lysoPC 24_0",17227.026328746,22833.0337552682,19986.3389730458,19516.8618973552,21499.8675767849,18812.488512923,23405.7501917733,18281.2092683311
"lysoPC 21_0",853.57897892234,2057.41867699427,1810.23191887863,2039.71323146747,2039.71323146747,1638.48253188433,2266.5747589312,1481.60246230716
"lysoPC 22_0",9457.06140130954,13510.288389398,13339.4186942186,10827.3663226472,13968.6818038262,12483.9920387019,15441.3314525348,11057.8169252351
"lysoPC 22_4",13339.4186942186,9567.20449731463,10217.7567972871,13968.6818038262,16650.4609520606,8963.20183685301,12595.2879669237,22122.286032615
"lysoPC 23_0",2633.70282567467,4651.07417388974,2266.5747589312,2912.05931400908,3653.12836411614,3760.1105090174,3061.73304483105,3727.52865006795
"lysoPC 15_0",4875.8041486049,5164.46357938691,3811.92709393377,4816.92661576776,6204.20539970562,4194.80605188399,4104.47432342739,3150.94665301451
"lysoPC 24_4",468.12906795181,893.949083022708,512.224221536547,1083.11737226478,922.188627786189,661.701726194008,997.628592971291,639.648945546397
"lysoPE 20_4",209728.588613599,165049.156497165,93824.3805573624,138838.766552366,165049.156497165,80019.2865962125,120569.121375179,149475.507196352
"lysoPE 18_0",30940.6936529974,20649.6422341141,13794.9987875219,20786.3918220843,24300.2153389872,18281.2092683311,17227.026328746,22833.0337552682
"lysoPE 22_6",66568.4103653987,111158.332499694,72698.9541535975,111158.332499694,114611.226029598,72698.9541535975,81047.2777540216,101195.44502001
"lysoPE 18_2",15441.3314525348,18173.1943736526,12635.7637753574,22554.6299610122,21000.2609012931,20312.1753037811,17417.3638930097,20132.9424723763
"lysoPE 16_0",159807.161182971,191781.315366133,131330.344833363,197258.633944881,159807.161182971,159807.161182971,144037.791465528,129757.033367477
"lysoPE 20_0",2787.46456758213,2801.83256587401,2510.72455565872,2329.66083760412,2101.85438883992,4875.8041486049,2664.79874083962,2111.16915565378
"lysoPE 17_0",2941.20182745196,3348.80427639111,2565.04978497635,3727.52865006795,4421.47396917124,4780.75993694419,4046.41168477418,4977.01692965908
"lysoPE 19_0",2724.5793195552,4942.01514868249,3114.51201113667,2684.16899592295,3915.41370986772,4421.47396917124,2734.92864144503,1934.98229291972
"lysoPE 22_4",2510.72455565872,2787.46456758213,2490.0870873841,2850.89184530722,3061.73304483105,2292.51319700275,1666.51494721697,2549.9478142938
"lysoPE 20_2",2178.42247754476,2549.9478142938,2240.20328686215,2941.20182745196,3393.37782830152,2137.90127913935,1340.42363876208,3698.46239328225
"MG 18_2",13180.8142668834,12595.2879669237,6811.53938918706,9015.61809485474,9407.2863116555,9640.2457246382,7238.96136822344,8235.17158255477
"MG 16_0",9252.29667955813,5858.54372244989,4064.43123530729,5095.39148358637,5004.0916647346,5696.39136030385,5413.99020214328,6420.40335731058
"MG 20_4",11275.622571761,7486.03814800902,8103.10241384769,5061.32673980389,8513.7481196235,5588.00734598558,9407.2863116555,4449.80068863028
"MG 17_0",11133.2459059991,11427.4024649282,8813.69018530194,11012.8127589136,10335.0614774214,8813.69018530194,10827.3663226472,16742.6095476278
"MG 18_0",2292.51319700275,1572.0345417168,1256.08208159224,1596.21239451326,2018.09652912973,2362.98400548809,2083.4343941525,2396.60695986736
"MG 22_4",1279.04801721954,1107.56407097716,821.027429908824,821.027429908824,709.834246840461,1870.8452708952,639.648945546397,544.522375388823
"MG 18_4",2072.40265456603,1416.2229744169,1572.0345417168,1393.33289572531,1256.08208159224,2329.66083760412,1912.63394023087,1433.12521682734
"MG 20_2",1083.11737226478,535.373865591017,661.701726194008,468.12906795181,853.57897892234,997.628592971291,661.701726194008,1083.11737226478
"PC 35_4",86390.6868003689,115924.669786895,91689.4872602494,106739.081221889,113815.049295875,122038.914022224,98929.1672032851,83607.4237730397
"PC 34_4",616746.36040637,647113.793806319,606113.21030197,581443.631605996,694046.244752706,297147.382170884,593680.372546821,581443.631605996
"PC 44_12",34528.7216254758,39865.0783604276,37236.1889931239,27279.5745919317,35944.0614955863,25826.4289464022,66568.4103653987,70028.1124047034
"PC 32_0",2678086.71346041,2361033.38820366,2262226.30154771,2745991.01928605,2519262.74101024,2417071.8535538,2306544.70134524,2361033.38820366
"PC 40_8",2262226.30154771,2745991.01928605,2306544.70134524,2006486.5564712,2417071.8535538,2262226.30154771,2596807.49799822,2519262.74101024
"PC 36_2",5570843.99885273,6319225.94346054,5570843.99885273,7427774.99633669,6319225.94346054,5838334.37089802,5838334.37089802,6319225.94346054
"PC 33_2",124433.043449919,169004.920664712,127762.761999658,151525.528020157,146684.209558101,219895.798058679,129757.033367477,111158.332499694
"PC 32_2",808430.961338688,694046.244752706,639095.094773155,1034506.77533707,844084.566491932,283900.147748847,720459.261598743,720459.261598743
"PC 41_6",23405.7501917733,42683.5292181251,33583.9252853003,38794.2625867384,45693.0241821957,52125.4570300496,41371.2783282,49095.6636716867
"PC 37_4",242761.467785837,538169.051634409,399638.407278493,420031.33529828,568689.760447028,616746.36040637,456109.61713212,517475.075117045
"PC 40_6",2174210.99429714,2519262.74101024,2174210.99429714,2105833.86715036,2306544.70134524,2745991.01928605,2678086.71346041,2262226.30154771
"PC 39_4",129757.033367477,355430.55585346,230335.205077582,246780.912515554,312313.446709965,428208.362204687,255176.613725738,230335.205077582
"PC 42_2",18653.8622896869,14129.1047476765,14354.0048367405,11524.5059639606,12023.0136743158,12635.7637753574,15185.1170197429,11012.8127589136
"PC 37_6",75310.1195569915,76973.0616912095,68377.4265053067,79042.4947477102,71095.2014850835,112611.025065258,77939.4761919844,76973.0616912095
"PC 35_2",230335.205077582,324367.258046751,250662.54663703,300594.491324654,355430.55585346,456109.61713212,336287.778342442,365926.886783037
"PC 44_4",19842.3013124,15441.3314525348,18653.8622896869,11463.9837683774,17417.3638930097,13180.8142668834,19153.5206912724,12265.7524091103
"PC 40_10",24300.2153389872,24774.4929782752,22358.7957710269,29275.2218724974,28375.8745004672,14696.9302536588,26025.0430099942,33583.9252853003
"PC 39_6",72698.9541535975,122038.914022224,106739.081221889,93824.3805573624,119146.889017984,216701.615215464,112611.025065258,124433.043449919
"PC 42_10",639095.094773155,1162176.38646214,893324.137877715,528928.358604734,893324.137877715,538169.051634409,976513.466727858,976513.466727858
"PC 36_0",46764.7572681307,41040.9749646158,43168.2229758679,49095.6636716867,56266.2557345703,40530.7723909027,44024.0922561105,44779.6960547522
"PC 42_8",19153.5206912724,30670.7043265908,29101.4604065852,25526.2930323481,31286.7108140912,17647.5742413616,25826.4289464022,35147.1963522091
"PC 38_2",1344746.17238693,1273086.0311756,1344746.17238693,1162176.38646214,1126925.96936975,844084.566491932,1415950.67866297,1344746.17238693
"PC 37_2",165049.156497165,255176.613725738,203605.199452851,283900.147748847,274042.873629878,250662.54663703,239649.141858628,279726.070307564
"PC 30_2",7351.88585211156,3608.07627784769,4977.01692965908,5413.99020214328,8103.10241384769,3947.68276337239,5537.39891337781,2537.35150865498
"PC 40_2",76406.0331345384,45318.3935503201,44024.0922561105,39345.2861958027,36276.3300613752,37880.7574159998,65985.9527328861,45318.3935503201
"PC 36_6",541996.314239799,498921.355512567,568689.760447028,428208.362204687,541996.314239799,149475.507196352,485965.537390618,593680.372546821
"PC 35_0",25826.4289464022,50916.1746091036,41040.9749646158,43516.6518434638,44779.6960547522,35341.5189546025,38254.2056444587,41040.9749646158
"PC 42_4",22122.286032615,19734.4956973106,19627.1270103753,18050.1628732226,18050.1628732226,33583.9252853003,23696.9896538028,19153.5206912724
"PC 39_8",5500.96461854484,8154.35757026881,8513.7481196235,6420.40335731058,8451.02017039113,7296.91110402939,9901.71460703127,9745.72162595804
"PC 39_2",10438.2833045293,11057.8169252351,13681.1088522039,9640.2457246382,13180.8142668834,7486.03814800902,18948.9796782094,17063.1665377589
"PC 38_8",50916.1746091036,62697.4706732821,64931.7923032862,46295.5868290625,65985.9527328861,41648.3585519013,58522.2469545577,56266.2557345703
"PC 36_4",4104.47432342739,3369.68378296375,4352.74720008174,7989.04291578823,5061.32673980389,7405.07584755638,3760.1105090174,5641.91454082801
"PC 40_4",8235.17158255477,7799.28331799802,5370.9411307013,7913.38091911515,6936.11213049948,5537.39891337781,8513.7481196235,5246.73262411114
"PC 31_0",6841.56958640409,6624.27680289497,4942.01514868249,5858.54372244989,7596.55931957331,4331.75192124648,4875.8041486049,8389.90272731045
"PC 38_0",5285.23665755958,11275.622571761,7351.88585211156,6370.12295766941,6131.99802999944,4561.97948587872,7188.74804537574,6004.09932241579
"PC 18_0",4421.47396917124,3137.22308896939,6537.23053843069,4158.14077645848,4046.41168477418,3460.63880356535,3727.52865006795,3213.95288849175
"PC 32_4",4977.01692965908,3041.7934725039,2831.78157646371,3250.01598520178,7188.74804537574,2101.85438883992,3576.13659047438,2266.5747589312
"PC 42_6",90351.0565252992,126813.560873309,83018.945328378,77456.2689415969,73330.1707070686,116537.866669862,115267.947908247,73330.1707070686
"PC 38_6",12960.1580578633,10518.6905312509,10438.2833045293,16254.5599799933,14996.1771760577,6841.56958640409,12023.0136743158,19986.3389730458
"PC 28_0",6537.23053843069,3017.81609681193,2986.72547879943,3947.68276337239,3576.13659047438,2178.42247754476,4016.36413085536,2446.63542175239
"PC 17_0",223.545293198864,223.545293198864,283.927080665847,362.637362261131,362.637362261131,283.927080665847,362.637362261131,324.751165357629
"PC 19_2",1556.38587675031,1187.46186529535,639.648945546397,1131.52388753819,1368.90333501256,1368.90333501256,1131.52388753819,1638.48253188433
"PC 37_0",7006.97272119885,11850.8956648633,10827.3663226472,10518.6905312509,15441.3314525348,10827.3663226472,11524.5059639606,17417.3638930097
"PC 33_4",3337.46022780046,2912.05931400908,3348.80427639111,3150.94665301451,2850.89184530722,1433.12521682734,4714.57132214172,3760.1105090174
"PC 31_2",3727.52865006795,2510.72455565872,2684.16899592295,2490.0870873841,3114.51201113667,1934.98229291972,3421.90257155507,2422.58127522665
"PC 33_0",14354.0048367405,19627.1270103753,17417.3638930097,15759.6582710285,21281.716105718,19153.5206912724,16742.6095476278,21499.8675767849
"PC 20_2",3369.68378296375,1340.42363876208,2039.71323146747,1617.97932022628,1796.44019095061,1776.60150112924,2018.09652912973,1160.42517823827
"PC 38_4",2801.83256587401,4449.80068863028,5095.39148358637,3608.07627784769,4875.8041486049,3326.11617920981,7006.97272119885,10956.5558441073
"PC 30_4",251.43706519062,283.927080665847,172.875667470148,441.681076871718,172.875667470148,223.545293198864,324.751165357629,401.357430113191
"PC 41_4",6704.6400958362,12774.047051995,10043.2766494492,13083.5577641879,9157.37485495905,6936.11213049948,16434.8192218106,12960.1580578633
"PC 40_0",7486.03814800902,5500.96461854484,8451.02017039113,7006.97272119885,6624.27680289497,11850.8956648633,6204.20539970562,7596.55931957331
"PC 24_6",2590.36775579567,1840.33635477347,1840.33635477347,1279.04801721954,1596.21239451326,1393.33289572531,2396.60695986736,1210.96009800957
"PC 43_6",893.949083022708,1666.51494721697,2347.1043421304,2537.35150865498,1535.70259365792,2072.40265456603,3681.18608394247,2312.02383160553
"PC 44_6",5095.39148358637,6004.09932241579,6370.12295766941,5753.94456184644,5588.00734598558,4651.07417388974,7092.48104035762,9407.2863116555
"PC 31_4",10585.0907193695,8420.46144885079,9356.33298195977,15090.6470979003,10004.5172933809,7049.72688077823,8915.25143538983,9049.05346137227
"PC 19_0",1776.60150112924,2178.42247754476,1416.2229744169,2510.72455565872,1870.8452708952,2510.72455565872,1966.56407740869,2510.72455565872
"PC 30_0",1043.86007020296,1368.90333501256,1043.86007020296,1699.64212798452,1131.52388753819,1317.34897814317,1279.04801721954,1912.63394023087
"PC 12_0",535.373865591017,544.522375388823,853.57897892234,893.949083022708,801.32014527493,512.224221536547,587.828837963357,1256.08208159224
"PC 7_0",362.637362261131,604.512858606365,488.550869887022,587.828837963357,1416.2229744169,639.648945546397,1535.70259365792,283.927080665847
"PC 29_0",2664.79874083962,2018.09652912973,2057.41867699427,1210.96009800957,1019.81290876325,1617.97932022628,975.513669419313,2201.01173635389
"PC 28_2",512.224221536547,441.681076871718,324.751165357629,172.875667470148,251.43706519062,172.875667470148,251.43706519062,488.550869887022
"PC 45_4",1294.782669757,2111.16915565378,4016.36413085536,2126.78304823275,3326.11617920981,4520.52712664271,1617.97932022628,2018.09652912973
"PC 22_4",5537.39891337781,2446.63542175239,3017.81609681193,2446.63542175239,2549.9478142938,2707.36013913356,3980.09283918553,1810.23191887863
"PC 39_0",2707.36013913356,2868.05496409185,4194.80605188399,3296.42027279908,2801.83256587401,3509.81797920138,2590.36775579567,3089.07011504683
"plasmenyl-PC 18_0",154467.700290747,81047.2777540216,63912.7748038651,81047.2777540216,93824.3805573624,35147.1963522091,91689.4872602494,115924.669786895
"plasmenyl-PC 20_0",28890.8491016367,21390.7918412514,16696.5352498442,21804.0761166836,24906.6075050142,2955.58982607883,24906.6075050142,30189.6993468738
"plasmenyl-PC 40_4",821.027429908824,997.628592971291,754.802255867638,754.802255867638,535.373865591017,782.544456556459,1187.46186529535,1279.04801721954
"plasmenyl-PC 36_4",1416.2229744169,782.544456556459,2178.42247754476,2463.85235090243,1107.56407097716,1572.0345417168,2057.41867699427,893.949083022708
"PE 36_0",439588.312701574,581443.631605996,538169.051634409,694046.244752706,508954.688689991,639095.094773155,493331.907936879,568689.760447028
"PE 39_4",85119.4370989657,154467.700290747,99853.8759968656,113815.049295875,131330.344833363,133578.194443024,89829.9594643393,98929.1672032851
"PE 36_2",297147.382170884,412431.667696579,365926.886783037,493331.907936879,412431.667696579,559311.052346091,355430.55585346,550866.251529508
"PE 40_4",355430.55585346,312313.446709965,263009.855006669,355430.55585346,197258.633944881,312313.446709965,227119.100088581,178098.597961836
"PE 36_4",1300876.63591984,1659805.95321523,1070383.96283891,1415950.67866297,1344746.17238693,1034506.77533707,1220538.32809233,1300876.63591984
"PE 40_6",517475.075117045,720459.261598743,773996.423332135,828167.217423425,720459.261598743,1162176.38646214,639095.094773155,639095.094773155
"PE 40_8",144037.791465528,219895.798058679,182013.062898843,224515.234726437,203605.199452851,227119.100088581,169004.920664712,174653.851017311
"PE 38_4",3940207.45922362,3630410.70849431,3581928.81366308,3630410.70849431,3471770.91700051,4879775.52485589,3738273.8547349,3630410.70849431
"PE 34_2",365926.886783037,420031.33529828,412431.667696579,593680.372546821,463279.810590199,151525.528020157,365926.886783037,388549.653473836
"PE 37_4",19459.5668569119,36445.3663592133,27774.3309465538,37751.4964589078,43770.3720497871,45049.0448025361,31113.7022335443,37429.2122474698
"PE 36_6",25038.7220317533,30050.1632857825,25038.7220317533,42683.5292181251,30050.1632857825,15185.1170197429,21499.8675767849,26785.0806580441
"PE 38_2",114611.226029598,171549.19389106,171549.19389106,219895.798058679,147639.332734624,184394.056512352,167284.443858467,182013.062898843
"PE 32_2",8513.7481196235,8867.30103392666,8723.0067720296,17417.3638930097,11133.2459059991,4251.26451468607,10217.7567972871,9965.75793731266
"PE 37_6",10827.3663226472,22122.286032615,14544.4548822239,28680.2377966882,20472.7100910555,31834.6772680668,16254.5599799933,13794.9987875219
"PE 39_6",21000.2609012931,44779.6960547522,31834.6772680668,44779.6960547522,42289.2103262086,95091.3174870818,35944.0614955863,43516.6518434638
"PE 42_6",19627.1270103753,34130.6693822138,24565.479577935,34528.7216254758,24565.479577935,39345.2861958027,28680.2377966882,22554.6299610122
"PE 41_6",11524.5059639606,28680.2377966882,30329.2354079651,36276.3300613752,33772.9731062559,39865.0783604276,25526.2930323481,29275.2218724974
"PE 42_8",8723.0067720296,19842.3013124,14996.1771760577,25038.7220317533,23183.7528204903,13681.1088522039,13794.9987875219,20472.7100910555
"PE 37_2",24565.479577935,45693.0241821957,27279.5745919317,14852.7118496099,17227.026328746,37024.2216409409,16650.4609520606,17647.5742413616
"PE 40_2",17647.5742413616,17063.1665377589,18812.488512923,20472.7100910555,14696.9302536588,13339.4186942186,19842.3013124,16434.8192218106
"PE 42_10",21716.9374580112,41371.2783282,41371.2783282,30050.1632857825,53942.0594615606,33772.9731062559,52125.4570300496,53942.0594615606
"PE 21_4",1796.44019095061,2941.20182745196,2850.89184530722,3041.7934725039,4251.26451468607,2083.4343941525,1990.50457950183,2329.66083760412
"PE 34_4",1638.48253188433,1699.64212798452,1666.51494721697,1990.50457950183,1501.14260139955,3538.48345389949,604.512858606365,801.32014527493
"PE 44_12",12023.0136743158,20472.7100910555,20472.7100910555,17647.5742413616,20649.6422341141,26025.0430099942,21891.214775356,21281.716105718
"PE 32_0",3915.41370986772,3213.95288849175,3041.7934725039,4714.57132214172,3509.81797920138,3250.01598520178,3509.81797920138,4064.43123530729
"PE 35_4",1840.33635477347,2749.44358075053,2153.55732639854,3681.18608394247,3538.48345389949,2347.1043421304,4064.43123530729,3348.80427639111
"plasmenyl-PE 38_6",87403.209724609,109779.628932065,113815.049295875,120569.121375179,111158.332499694,114611.226029598,124433.043449919,120569.121375179
"plasmenyl-PE 38_4",324367.258046751,388549.653473836,355430.55585346,412431.667696579,428208.362204687,550866.251529508,294471.614786708,324367.258046751
"plasmenyl-PE 40_6",101195.44502001,99853.8759968656,102499.731965587,96776.1655260265,89829.9594643393,138838.766552366,101195.44502001,96776.1655260265
"plasmenyl-PE 36_2",31834.6772680668,26785.0806580441,22554.6299610122,27559.8037176293,28680.2377966882,25526.2930323481,26507.7173171222,24565.479577935
"plasmenyl-PE 40_4",133578.194443024,106739.081221889,111158.332499694,104241.280521005,86390.6868003689,129757.033367477,111158.332499694,102499.731965587
"plasmenyl-PE 36_4",76973.0616912095,96776.1655260265,96776.1655260265,98929.1672032851,91689.4872602494,83607.4237730397,73961.3872605396,93824.3805573624
"plasmenyl-PE 38_2",10217.7567972871,9252.29667955813,12595.2879669237,8618.70487840286,8389.90272731045,5753.94456184644,11275.622571761,19842.3013124
"plasmenyl-PE 42_6",14852.7118496099,10827.3663226472,8963.20183685301,6004.09932241579,9015.61809485474,15441.3314525348,17063.1665377589,18173.1943736526
"plasmenyl-PE 18_0",8915.25143538983,9119.93184142442,5725.16796107514,10130.5167233682,9799.36072561713,6336.40101791092,8420.46144885079,9278.83816591109
"plasmenyl-PE 34_2",3137.22308896939,3947.68276337239,4046.41168477418,5537.39891337781,4520.52712664271,3811.92709393377,4421.47396917124,5696.39136030385
"plasmenyl-PE 42_4",8813.69018530194,7596.55931957331,13083.5577641879,11619.1247947076,8154.35757026881,10651.4909074882,6936.11213049948,8867.30103392666
"SM 36_2",23183.7528204903,34869.4934917118,58522.2469545577,33772.9731062559,41040.9749646158,62697.4706732821,34869.4934917118,29695.7172764468
"SM 41_2",312313.446709965,606113.21030197,541996.314239799,517475.075117045,593680.372546821,541996.314239799,541996.314239799,616746.36040637
"SM 40_2",485965.537390618,668899.818579714,581443.631605996,625636.822827445,606113.21030197,581443.631605996,559311.052346091,456109.61713212
"SM 42_2",2519262.74101024,2876646.96950745,2678086.71346041,2596807.49799822,2876646.96950745,2306544.70134524,2417071.8535538,3127646.13736274
"SM 43_2",33772.9731062559,53942.0594615606,52956.3951662452,61881.1508715951,64347.7833401961,42683.5292181251,50170.3769829691,59923.9218195733
"SM 34_2",169004.920664712,294471.614786708,294471.614786708,203605.199452851,236098.534861412,236098.534861412,242761.467785837,146684.209558101
"SM 40_0",246780.912515554,263009.855006669,283900.147748847,269054.501519072,239649.141858628,336287.778342442,279726.070307564,236098.534861412
"SM 34_0",81047.2777540216,101195.44502001,101195.44502001,108259.564861215,96776.1655260265,104241.280521005,89054.874745338,106739.081221889
"SM 36_0",9965.75793731266,17417.3638930097,13180.8142668834,21499.8675767849,20786.3918220843,27988.8581754784,14354.0048367405,21891.214775356
"SM 38_0",30329.2354079651,47727.9679118561,39345.2861958027,59923.9218195733,46764.7572681307,81047.2777540216,37622.2355018158,42289.2103262086
"SM 21_0",20649.6422341141,11463.9837683774,18173.1943736526,12960.1580578633,19153.5206912724,4596.3214433127,21281.716105718,23405.7501917733
"SM 38_2",4942.01514868249,15759.6582710285,9157.37485495905,14696.9302536588,16254.5599799933,11012.8127589136,9745.72162595804,10335.0614774214
"SM 42_4",3892.40519672107,6302.67907815243,6204.20539970562,7405.07584755638,5696.39136030385,4714.57132214172,4331.75192124648,6704.6400958362
"SM 39_2",3862.93590767801,8298.33160095459,4421.47396917124,5927.32513005781,8658.72376166879,8658.72376166879,7296.91110402939,7149.98832484369
"SM 33_0",6670.95130253294,11619.1247947076,9640.2457246382,8451.02017039113,10956.5558441073,11619.1247947076,9567.20449731463,9157.37485495905
"SM 32_2",1596.21239451326,4251.26451468607,3892.40519672107,3698.46239328225,4651.07417388974,2850.89184530722,2463.85235090243,2734.92864144503
"SM 42_0",2039.71323146747,2292.51319700275,3915.41370986772,2292.51319700275,3150.94665301451,3150.94665301451,2684.16899592295,2565.04978497635
"SM 44_2",9305.37965226405,8513.7481196235,9965.75793731266,8389.90272731045,19986.3389730458,9852.99982527622,10277.655315727,9640.2457246382
"SM 32_0",2734.92864144503,4596.3214433127,5061.32673980389,5164.46357938691,5285.23665755958,3089.07011504683,1730.47750624051,4194.80605188399
"SM 41_0",9567.20449731463,10651.4909074882,11012.8127589136,9567.20449731463,14129.1047476765,11133.2459059991,10956.5558441073,10827.3663226472
"SM 37_2",1107.56407097716,754.802255867638,604.512858606365,1572.0345417168,1294.782669757,1481.60246230716,1934.98229291972,922.188627786189
"TG 52_4",3738273.8547349,4548799.77765387,7427774.99633669,5268696.54947492,5570843.99885273,5268696.54947492,4548799.77765387,4879775.52485589
"TG 60_8",40530.7723909027,33158.4929006148,11619.1247947076,21000.2609012931,17647.5742413616,119146.889017984,20132.9424723763,13510.288389398
"TG 60_10",34130.6693822138,37236.1889931239,33772.9731062559,26025.0430099942,24103.5313144553,209728.588613599,22122.286032615,11707.0603577913
"TG 46_2",581443.631605996,365926.886783037,1273086.0311756,1070383.96283891,612451.217127404,75310.1195569915,808430.961338688,1070383.96283891
"TG 62_8",7238.96136822344,6537.23053843069,2633.70282567467,3576.13659047438,1730.47750624051,22554.6299610122,2446.63542175239,1730.47750624051
"TG 58_8",263009.855006669,236098.534861412,136485.38936018,115924.669786895,129757.033367477,743475.798229849,125864.35974696,85119.4370989657
"TG 56_6",508954.688689991,559311.052346091,336287.778342442,324367.258046751,297147.382170884,1415950.67866297,274042.873629878,184394.056512352
"TG 50_4",91689.4872602494,85119.4370989657,125864.35974696,109779.628932065,124433.043449919,17914.6728062189,135773.332899154,159807.161182971
"TG 62_12",12774.047051995,13681.1088522039,10956.5558441073,6811.53938918706,7486.03814800902,89829.9594643393,5500.96461854484,6302.67907815243
"TG 60_12",70028.1124047034,76406.0331345384,124433.043449919,41648.3585519013,57251.6074609001,593680.372546821,36276.3300613752,32319.1975117992
"TG 51_2",463279.810590199,428208.362204687,324367.258046751,508954.688689991,647113.793806319,136485.38936018,952415.001755678,844084.566491932
"TG 58_10",147639.332734624,187207.809750757,151525.528020157,89054.874745338,98929.1672032851,1659805.95321523,72698.9541535975,50170.3769829691
"TG 54_6",1094226.2079901,2006486.5564712,1220538.32809233,1344746.17238693,1415950.67866297,4152883.96004135,828167.217423425,773996.423332135
"TG 52_6",593680.372546821,863411.857229731,1162176.38646214,1273086.0311756,1034506.77533707,1344746.17238693,581443.631605996,625636.822827445
"TG 64_16",754.802255867638,975.513669419313,2072.40265456603,681.870895512177,893.949083022708,31586.1301321739,535.373865591017,468.12906795181
"TG 42_0",13681.1088522039,5095.39148358637,25826.4289464022,12023.0136743158,8963.20183685301,2986.72547879943,19627.1270103753,24103.5313144553
"TG 56_8",743475.798229849,1034506.77533707,668899.818579714,541996.314239799,538169.051634409,5570843.99885273,428208.362204687,283900.147748847
"TG 51_4",77939.4761919844,112611.025065258,133578.194443024,131330.344833363,141691.439941726,82430.4668837162,113815.049295875,108259.564861215
"TG 54_8",111158.332499694,184394.056512352,44779.6960547522,89829.9594643393,77939.4761919844,808430.961338688,22358.7957710269,23696.9896538028
"TG 53_4",45693.0241821957,133578.194443024,90872.1535862592,87403.209724609,117151.06355283,101195.44502001,85119.4370989657,86390.6868003689
"TG 50_0",187207.809750757,119146.889017984,178098.597961836,236098.534861412,224515.234726437,65985.9527328861,182013.062898843,300594.491324654
"TG 49_2",135773.332899154,86390.6868003689,154467.700290747,129757.033367477,122038.914022224,18050.1628732226,178098.597961836,263009.855006669
"TG 55_4",18173.1943736526,35147.1963522091,11057.8169252351,30670.7043265908,32877.522425997,46295.5868290625,17914.6728062189,27279.5745919317
"TG 49_0",5061.32673980389,4714.57132214172,5285.23665755958,8235.17158255477,8618.70487840286,3393.37782830152,10438.2833045293,19516.8618973552
"TG 57_6",4520.52712664271,6841.56958640409,2868.05496409185,6204.20539970562,4816.92661576776,15759.6582710285,3296.42027279908,3980.09283918553
"TG 48_2",2417071.8535538,1891315.00930159,3127646.13736274,2361033.38820366,2262226.30154771,111158.332499694,2745991.01928605,3581928.81366308
"TG 58_6",98929.1672032851,102499.731965587,35147.1963522091,50916.1746091036,40530.7723909027,412431.667696579,41648.3585519013,31834.6772680668
"TG 50_2",115924.669786895,80019.2865962125,85119.4370989657,144037.791465528,108259.564861215,9901.71460703127,133578.194443024,165049.156497165
"TG 42_2",36276.3300613752,14996.1771760577,40164.9571390481,29695.7172764468,22122.286032615,17227.026328746,21716.9374580112,28680.2377966882
"TG 55_6",17914.6728062189,20312.1753037811,17914.6728062189,18812.488512923,18948.9796782094,32877.522425997,18050.1628732226,12595.2879669237
"TG 49_4",33583.9252853003,25826.4289464022,47727.9679118561,43168.2229758679,37024.2216409409,26785.0806580441,61080.6159934839,28375.8745004672
"TG 56_10",18050.1628732226,24300.2153389872,20312.1753037811,30329.2354079651,20312.1753037811,355430.55585346,11850.8956648633,12635.7637753574
"TG 56_4",1070383.96283891,808430.961338688,274042.873629878,550866.251529508,550866.251529508,1273086.0311756,647113.793806319,463279.810590199
"TG 55_8",4375.30349670509,10438.2833045293,13510.288389398,8103.10241384769,7405.07584755638,64931.7923032862,5641.91454082801,4331.75192124648
"TG 48_0",37880.7574159998,34528.7216254758,41648.3585519013,62697.4706732821,40164.9571390481,10277.655315727,57251.6074609001,62697.4706732821
"TG 62_10",4596.3214433127,5339.89556407679,1934.98229291972,1433.12521682734,1966.56407740869,29101.4604065852,1043.86007020296,1617.97932022628
"TG 58_12",6811.53938918706,6064.23020432577,11524.5059639606,7799.28331799802,5641.91454082801,66568.4103653987,3608.07627784769,3811.92709393377
"TG 46_0",64347.7833401961,30940.6936529974,65985.9527328861,63912.7748038651,52125.4570300496,3608.07627784769,83607.4237730397,122038.914022224
"TG 51_6",41648.3585519013,79042.4947477102,61080.6159934839,71095.2014850835,85119.4370989657,61881.1508715951,43168.2229758679,61080.6159934839
"TG 52_0",155985.897132277,120569.121375179,236098.534861412,239649.141858628,246780.912515554,187207.809750757,174653.851017311,355430.55585346
"TG 52_2",16254.5599799933,14696.9302536588,22122.286032615,15941.6762991514,19402.2718164687,29275.2218724974,14696.9302536588,7092.48104035762
"TG 60_6",37024.2216409409,27988.8581754784,17063.1665377589,20132.9424723763,11850.8956648633,120569.121375179,18812.488512923,8618.70487840286
"TG 44_2",117151.06355283,61080.6159934839,255176.613725738,146684.209558101,79042.4947477102,71095.2014850835,90872.1535862592,112611.025065258
"TG 62_14",3811.92709393377,6420.40335731058,19153.5206912724,4942.01514868249,5370.9411307013,230335.205077582,3250.01598520178,2039.71323146747
"TG 64_14",1160.42517823827,1535.70259365792,1556.38587675031,401.357430113191,1572.0345417168,20472.7100910555,1317.34897814317,562.188632767996
"TG 57_4",14129.1047476765,16254.5599799933,7799.28331799802,11427.4024649282,10827.3663226472,28680.2377966882,14996.1771760577,8154.35757026881
"TG 54_0",18415.4383711671,17227.026328746,19842.3013124,22122.286032615,27559.8037176293,12265.7524091103,30329.2354079651,20786.3918220843
"TG 53_2",475072.255866054,508954.688689991,242761.467785837,616746.36040637,773996.423332135,498921.355512567,844084.566491932,808430.961338688
"TG 58_4",269054.501519072,155985.897132277,146684.209558101,149475.507196352,144037.791465528,388549.653473836,151525.528020157,99853.8759968656
"TG 57_8",4297.32765293452,6811.53938918706,7238.96136822344,5370.9411307013,5753.94456184644,19842.3013124,6420.40335731058,4016.36413085536
"TG 55_2",219895.798058679,141691.439941726,216701.615215464,216701.615215464,294471.614786708,178098.597961836,250662.54663703,224515.234726437
"TG 61_6",922.188627786189,587.828837963357,468.12906795181,782.544456556459,754.802255867638,3892.40519672107,401.357430113191,535.373865591017
"TG 60_14",729.635614895388,709.834246840461,1617.97932022628,1107.56407097716,639.648945546397,17063.1665377589,821.027429908824,729.635614895388
"TG 40_0",4016.36413085536,1713.15670890654,3460.63880356535,5641.91454082801,2201.01173635389,1810.23191887863,2549.9478142938,4875.8041486049
"TG 64_12",1699.64212798452,2266.5747589312,1501.14260139955,283.927080665847,661.701726194008,9407.2863116555,488.550869887022,709.834246840461
"TG 59_4",2850.89184530722,5285.23665755958,4740.58120621564,3460.63880356535,4714.57132214172,11363.6719494148,4780.75993694419,2292.51319700275
"TG 55_0",9015.61809485474,3915.41370986772,15759.6582710285,10651.4909074882,13083.5577641879,7238.96136822344,8618.70487840286,12774.047051995
"CL 76_4",9280.91190583454,11302.8023337359,16567.069256039,12050.9503239596,13497.6290669996,17030.8772552388,11046.1880011681,10567.9691574085
"CL 72_8",35473.9336373973,65788.2052304147,56149.8936557904,60549.0879490913,59201.1508533141,124149.506933343,54967.5570809419,46377.5448066994
"CL 70_6",48182.0717913388,47123.1700389236,43390.0427690779,51161.5749350982,57966.4207157565,22145.5932237834,42441.8011357103,44468.7218741318
"CL 82_2",7562.29051639789,8635.27005289917,7767.3764624444,8345.6837321175,5964.28525727507,11046.1880011681,12532.7743970171,8405.98152389093
"CL 68_2",25770.5874241869,13218.8810080463,42441.8011357103,11196.8370100297,16859.0080277138,23154.368444744,20553.0435169247,16567.069256039
"CL 74_10",6504.40842638318,8820.96042483646,7374.27961812012,4740.23170646276,5379.04113284946,4448.94180379132,6504.40842638318,5664.71865704873
"CL 78_8",11046.1880011681,12242.0741170232,27136.7913086955,18783.3928815169,18422.6022447198,9457.7148263678,12050.9503239596,13693.1479985585
"CL 78_6",31819.8040048479,5379.04113284946,4161.95974347231,2584.60353712309,8345.6837321175,7767.3764624444,6666.52714092414,5433.85536434509
"CL 74_8",33257.2218777345,43903.6272116872,43903.6272116872,29062.2865632281,49000.8732518591,59201.1508533141,37776.8697048003,32844.5995602581
"CL 82_4",10063.9615314615,10364.5405776268,12763.0232448943,20553.0435169247,7241.97550704791,6666.52714092414,11958.7041055247,14589.2596391774
"CL 80_10",5964.28525727507,5270.84165134611,14042.4022303097,7434.25355009642,4916.9181733002,2919.73357774234,1813.2023707082,1874.82771055837
"CL 78_0",517.770076650001,2090.49990243022,3189.89019742479,3189.89019742479,1977.98365687146,1930.20778119725,2090.49990243022,1568.71163037696
"CL 72_4",5433.85536434509,4677.10353948002,5599.89253538876,2966.5388879537,6351.62320475601,7013.81093793881,3548.59810168421,3817.98226544077
"CL 76_12",4561.13176880706,8062.32121991041,9642.88937351681,5125.137447116,7434.25355009642,13497.6290669996,6351.62320475601,6926.3661512357
"CL 72_6",59201.1508533141,80150.8172048298,88212.5794587881,69281.4798380118,89531.9676732323,93175.0716022023,76000.9210241204,69281.4798380118
"CL 82_8",26691.0866922063,22814.0313936417,28371.0524068473,28371.0524068473,27136.7913086955,24019.5110456632,32844.5995602581,34698.5125620942
"CL 78_2",43903.6272116872,25252.9578295235,73034.8931539208,38502.0070433393,33625.6170813812,27136.7913086955,47123.1700389236,51161.5749350982
"CL 80_12",49000.8732518591,65125.2257666522,177326.928718652,74699.5418802271,56149.8936557904,49000.8732518591,57966.4207157565,63557.6638947225
"CL 68_6",1389.40003787783,2808.93798323823,1219.9970072539,4448.94180379132,1930.20778119725,5054.99837381301,2129.86921921666,2744.60096328939
"CL 68_0",5379.04113284946,1930.20778119725,6504.40842638318,3240.5573576736,3941.53391928407,6419.39100182543,3122.92622899011,3369.77809653163
"CL 72_2",2379.44107396467,1255.11015952996,1536.49406574088,1337.69350262176,2189.86444712293,2834.66115594521,1060.61081012866,3122.92622899011
"CL 78_10",1568.71163037696,1181.70108937913,3122.92622899011,1622.89172218463,1181.70108937913,3548.59810168421,815.487459188174,898.373961904056
"PA 40_6",93175.0716022023,181912.871395018,98902.095819984,97178.5672047222,78695.0530453306,177326.928718652,128561.508408334,230120.458118071
"PA 40_4",23668.8150888774,42441.8011357103,51161.5749350982,31819.8040048479,31203.8141300625,51161.5749350982,44468.7218741318,65788.2052304147
"PA 38_4",102262.39039454,177326.928718652,156942.202992535,131493.365381345,69281.4798380118,144930.140918802,153361.534593716,189294.061798486
"PA 38_2",17858.1983327838,18992.0606850502,20553.0435169247,17300.6359888415,14589.2596391774,19766.0902323077,24960.0432707651,42441.8011357103
"PA 35_2",2966.5388879537,3714.95902455441,2488.41517143889,1389.40003787783,1874.82771055837,4208.25870172074,2406.32562007228,1622.89172218463
"PA 34_2",2350.0971246596,2406.32562007228,978.506715485391,2189.86444712293,1771.31452978073,1568.71163037696,2460.34163717296,2966.5388879537
"PA 41_4",3548.59810168421,6351.62320475601,5166.54078645223,2460.34163717296,5270.84165134611,5125.137447116,4976.25404355669,3462.72427772801
"PA 36_2",53465.167923091,59201.1508533141,62248.297380789,65788.2052304147,27669.7269174155,65125.2257666522,52357.5794593338,78695.0530453306
"PA 42_8",13016.721382706,37106.7110444833,6926.3661512357,16859.0080277138,13693.1479985585,18422.6022447198,20808.5828793092,25252.9578295235
"PA 39_6",1622.89172218463,1034.34162550108,3985.36479097031,1462.72153683665,940.714895212363,1874.82771055837,1568.71163037696,1930.20778119725
"PA 28_4",8062.32121991041,5756.81119569631,4613.46187163852,5664.71865704873,6201.19672700279,3189.89019742479,7562.29051639789,7629.5286172313
"PA 37_2",640.166057874239,1060.61081012866,2808.93798323823,517.770076650001,578.026420843903,473.400163132699,1462.72153683665,1034.34162550108
"PA 36_4",1536.49406574088,1568.71163037696,707.656784504482,1813.2023707082,1536.49406574088,578.026420843903,1536.49406574088,2042.02564079167
"PA 38_6",3369.77809653163,2350.0971246596,7892.45584426399,2090.49990243022,1389.40003787783,3074.37226074816,2379.44107396467,2690.43796502872
"PA 20_0",4335.75747725508,2235.3316546621,1568.71163037696,3369.77809653163,2966.5388879537,1117.91162164385,3941.53391928407,11858.5752938058
"PG 42_10",50222.2123266577,88212.5794587881,24545.7280568123,63557.6638947225,77051.3061921559,128561.508408334,60549.0879490913,48182.0717913388
"PG 36_2",370200.811223377,324416.627688208,324416.627688208,270214.611960869,312672.922253112,199106.574225059,406422.851200265,337973.853922912
"PG 44_12",177326.928718652,391991.075401312,208788.147287482,406422.851200265,603579.139577866,303108.577578514,431768.015308612,503280.34634104
"PG 38_4",29062.2865632281,19766.0902323077,53465.167923091,18052.1514022068,23154.368444744,20553.0435169247,31819.8040048479,24545.7280568123
"PG 34_2",118096.963319881,139661.698759454,67653.4106439194,156942.202992535,124149.506933343,110320.801448749,105787.310973488,91053.2857908905
"PG 36_4",76000.9210241204,82187.1006181964,8006.1700733225,50222.2123266577,61406.0632477407,53465.167923091,40586.2240315824,24960.0432707651
"PG 40_6",141715.927686262,153361.534593716,89531.9676732323,105787.310973488,144930.140918802,60549.0879490913,202373.172699534,124149.506933343
"PG 38_6",84215.5429344367,102262.39039454,16041.5719612405,57019.204561377,88212.5794587881,74699.5418802271,64184.943535615,37776.8697048003
"PG 44_10",19230.4242177783,24545.7280568123,15777.2991699635,19230.4242177783,25252.9578295235,21876.9953979148,35473.9336373973,22145.5932237834
"PG 42_8",24545.7280568123,37776.8697048003,16328.4466952437,19766.0902323077,32844.5995602581,19502.167767695,39121.7235390526,31819.8040048479
"PG 38_2",6018.70163542494,5599.89253538876,12242.0741170232,3817.98226544077,5756.81119569631,5964.28525727507,7767.3764624444,6860.64490177395
"PG 40_8",144930.140918802,260700.804347749,64184.943535615,195839.975750585,230120.458118071,230120.458118071,177326.928718652,156942.202992535
"PG 35_2",1930.20778119725,2744.60096328939,2531.50572594519,2129.86921921666,2379.44107396467,4561.13176880706,3511.31416415035,3714.95902455441
"PG 44_8",3189.89019742479,5433.85536434509,7241.97550704791,5054.99837381301,7013.81093793881,6504.40842638318,5054.99837381301,5756.81119569631
"PG 34_0",1874.82771055837,978.506715485391,2129.86921921666,1219.9970072539,1707.10077887073,1502.00847772804,1389.40003787783,1389.40003787783
"PG 34_4",815.487459188174,640.166057874239,782.708589076385,743.886215430844,707.656784504482,707.656784504482,473.400163132699,517.770076650001
"PG 32_2",1337.69350262176,1977.98365687146,473.400163132699,1255.11015952996,2350.0971246596,940.714895212363,1622.89172218463,1117.91162164385
"PG 36_6",940.714895212363,743.886215430844,578.026420843903,815.487459188174,640.166057874239,743.886215430844,1181.70108937913,640.166057874239
"PG 44_2",743.886215430844,424.015971290906,1622.89172218463,898.373961904056,517.770076650001,12641.3271214671,517.770076650001,815.487459188174
"PG 39_4",529649.988185279,378570.527451316,359576.300330345,431768.015308612,448196.027788776,474162.6430848,378570.527451316,378570.527451316
"PI 38_4",5362269.2356172,5362269.2356172,4657575.21988667,5362269.2356172,8175193.11088066,8175193.11088066,6652040.89899764,5362269.2356172
"PI 36_2",128561.508408334,161160.804157178,141715.927686262,189294.061798486,153361.534593716,234571.82726034,102262.39039454,102262.39039454
"PI 39_4",10765.8334507984,24960.0432707651,29062.2865632281,20113.1906722862,31819.8040048479,19230.4242177783,26330.049249067,17030.8772552388
"PS 38_4",4657575.21988667,4657575.21988667,1434661.24333604,3846506.03054789,4657575.21988667,3846506.03054789,4657575.21988667,4657575.21988667
"PS 40_6",503280.34634104,777848.534783605,431768.015308612,603579.139577866,857398.842731847,1063984.35324845,603579.139577866,857398.842731847
"PS 40_8",1181.70108937913,854.763253912523,640.166057874239,578.026420843903,1117.91162164385,1389.40003787783,940.714895212363,1219.9970072539
